customer_id,activity_score,device_usage,engagement_level
CUST0000275,0.992,Mixed,Medium
CUST0001078,0.132,Web,Medium
CUST0001026,0.897,Mobile,Low
CUST0001359,0.295,Mobile,Low
CUST0002542,0.629,Mixed,Low
CUST0000166,0.878,Web,Medium
CUST0000117,0.093,Web,Low
CUST0002823,0.152,Mixed,High
CUST0002391,0.733,Web,High
CUST0001602,0.347,Mixed,Medium
CUST0000289,0.655,Mixed,Medium
CUST0000338,0.114,Mobile,High
CUST0001145,0.972,Mixed,Medium
CUST0000876,0.501,Mixed,High
CUST0000315,0.871,Mixed,Low
CUST0000504,0.675,Mixed,High
CUST0001291,0.952,Web,Medium
CUST0000140,0.571,Mobile,Medium
CUST0002533,0.306,Mobile,Medium
CUST0001145,0.614,Web,High
CUST0002037,0.997,Web,High
CUST0000257,0.815,Web,Medium
CUST0000795,0.455,Web,Medium
CUST0000247,0.817,Mobile,Low
CUST0000585,0.703,Mobile,Low
CUST0000449,0.939,Mobile,High
CUST0001585,0.365,Mobile,Low
CUST0002768,0.04,Web,Low
CUST0002929,0.086,Mixed,High
CUST0000967,0.767,Mixed,Low
CUST0001977,0.691,Web,High
CUST0000169,0.733,Web,Medium
CUST0002595,0.668,Mobile,Low
CUST0001328,0.457,Mixed,High
CUST0000682,0.068,Mobile,High
CUST0002504,0.836,Mixed,High
CUST0002800,0.181,Mobile,Low
CUST0002896,0.99,Mixed,High
CUST0001380,0.205,Mobile,High
CUST0001375,0.084,Mobile,Low
CUST0002652,0.376,Web,High
CUST0002339,0.325,Mobile,High
CUST0002321,0.977,Mixed,Low
CUST0000687,0.395,Mobile,Low
CUST0002334,0.047,Mobile,Medium
CUST0000756,0.987,Web,Medium
CUST0002057,0.786,Mixed,High
CUST0000791,0.998,Web,Medium
CUST0001164,0.318,Mobile,High
CUST0002385,0.118,Mixed,High
CUST0002734,0.398,Mobile,Medium
CUST0000673,0.14,Mobile,Low
CUST0001302,0.147,Mixed,Low
CUST0001034,0.903,Web,Medium
CUST0001422,0.994,Web,High
CUST0001675,0.994,Web,Low
CUST0001427,0.438,Mobile,High
CUST0001331,0.239,Mixed,Low
CUST0002331,0.172,Mixed,Medium
CUST0002556,0.382,Web,Medium
CUST0002807,0.599,Web,Medium
CUST0000907,0.744,Mobile,High
CUST0002198,0.516,Mixed,Medium
CUST0001472,0.843,Web,Medium
CUST0000935,0.92,Mobile,Medium
CUST0001926,0.886,Mobile,High
CUST0002962,0.369,Web,High
CUST0001439,0.951,Mixed,High
CUST0001854,0.923,Web,Low
CUST0002365,0.412,Mobile,High
CUST0002222,0.421,Mobile,Medium
CUST0000245,0.078,Mobile,Low
CUST0000342,0.937,Web,High
CUST0000009,0.088,Mixed,High
CUST0000479,0.491,Web,High
CUST0002070,0.721,Web,Low
CUST0001845,0.88,Web,Medium
CUST0000277,0.571,Web,Medium
CUST0002979,0.683,Mobile,Low
CUST0002815,0.71,Mixed,Medium
CUST0000925,0.016,Mobile,High
CUST0000053,0.942,Mobile,Low
CUST0001598,0.36,Mixed,Medium
CUST0000675,0.178,Web,Low
CUST0000855,0.473,Web,High
CUST0000424,0.733,Web,Medium
CUST0002028,0.827,Mixed,Medium
CUST0002007,0.72,Web,High
CUST0001106,0.4,Mixed,Medium
CUST0000571,0.682,Web,Medium
CUST0000855,0.432,Mixed,Medium
CUST0000769,0.987,Mobile,High
CUST0001523,0.996,Mixed,Low
CUST0002106,0.25,Mixed,Low
CUST0002230,0.483,Mobile,Medium
CUST0001817,0.577,Mixed,Low
CUST0000934,0.636,Mixed,High
CUST0000409,0.434,Web,Medium
CUST0000486,0.524,Mixed,High
CUST0000007,0.554,Mixed,Medium
CUST0000430,0.388,Web,Medium
CUST0001360,0.32,Mobile,Medium
CUST0002678,0.635,Mobile,Low
CUST0001019,0.442,Mixed,Medium
CUST0001119,0.972,Mobile,High
CUST0001466,0.376,Web,Medium
CUST0001829,0.196,Mixed,Low
CUST0001432,0.427,Mixed,Medium
CUST0001649,0.657,Mixed,Low
CUST0001955,0.442,Mobile,Low
CUST0001910,0.286,Mobile,Medium
CUST0002711,0.495,Mobile,Low
CUST0000458,0.447,Mobile,Medium
CUST0001944,0.944,Mobile,Low
CUST0002173,0.019,Web,Medium
CUST0002891,0.395,Web,Medium
CUST0002970,0.341,Mobile,Medium
CUST0001208,0.223,Web,Medium
CUST0000322,0.546,Mobile,Medium
CUST0001057,0.614,Mixed,High
CUST0001526,0.01,Web,Low
CUST0000685,0.676,Mixed,Medium
CUST0000721,0.383,Mobile,High
CUST0001804,0.923,Web,Medium
CUST0000719,0.744,Web,Low
CUST0002360,0.514,Mixed,High
CUST0000323,0.952,Mobile,High
CUST0002966,0.687,Web,Low
CUST0001958,0.808,Mobile,Medium
CUST0001877,0.956,Web,High
CUST0001763,0.89,Web,High
CUST0002924,0.071,Web,High
CUST0002091,0.21,Web,Low
CUST0000390,0.63,Mobile,Medium
CUST0000907,0.161,Mobile,Medium
CUST0002577,0.465,Mobile,Low
CUST0002276,0.48,Mixed,Medium
CUST0000223,0.463,Mobile,Low
CUST0001643,0.823,Web,High
CUST0002552,0.489,Web,High
CUST0002224,0.869,Mixed,High
CUST0000422,0.774,Web,Low
CUST0002900,0.642,Mixed,Low
CUST0001329,0.578,Mobile,High
CUST0001123,0.232,Mixed,Low
CUST0002924,0.768,Web,High
CUST0001842,0.804,Mixed,High
CUST0000525,0.489,Web,Low
CUST0002907,0.22,Mobile,Low
CUST0002179,0.76,Mixed,High
CUST0000212,0.8,Mobile,High
CUST0001862,0.567,Web,Medium
CUST0001966,0.697,Web,High
CUST0000302,0.774,Web,Low
CUST0002697,0.292,Web,Medium
CUST0002494,0.283,Web,High
CUST0001697,0.708,Web,High
CUST0002564,0.512,Mobile,High
CUST0001421,0.512,Mobile,Low
CUST0001702,0.959,Mobile,Medium
CUST0001857,0.799,Mobile,High
CUST0002521,0.256,Mixed,Low
CUST0001921,0.406,Web,Medium
CUST0000672,0.83,Mixed,High
CUST0000362,0.073,Mixed,Medium
CUST0000531,0.321,Web,High
CUST0000510,0.34,Mobile,Medium
CUST0000553,0.39,Mixed,Low
CUST0000844,0.259,Web,High
CUST0001558,0.642,Web,Low
CUST0000610,0.395,Mixed,Medium
CUST0002135,0.542,Mixed,High
CUST0000620,0.273,Mobile,High
CUST0000312,0.861,Web,Low
CUST0002323,0.206,Web,High
CUST0001858,0.877,Mobile,High
CUST0002370,0.179,Mixed,Low
CUST0000294,0.37,Web,Medium
CUST0000551,0.779,Mobile,Low
CUST0002571,0.493,Web,Low
CUST0000881,0.237,Web,Medium
CUST0001117,0.663,Mixed,High
CUST0002581,0.128,Web,High
CUST0002717,0.215,Mixed,Medium
CUST0000605,0.257,Web,High
CUST0000554,0.584,Web,Medium
CUST0002700,0.552,Web,Low
CUST0002050,0.52,Mobile,High
CUST0000040,0.097,Mixed,High
CUST0000319,0.78,Mobile,Medium
CUST0000673,0.132,Web,Medium
CUST0002925,0.939,Mixed,Low
CUST0002990,0.065,Mobile,Medium
CUST0000778,0.88,Mobile,Medium
CUST0000489,0.298,Mixed,Medium
CUST0002955,0.7,Mixed,High
CUST0000264,0.333,Mobile,High
CUST0002933,0.72,Mixed,High
CUST0000686,0.481,Web,High
CUST0001284,0.527,Mobile,High
CUST0002476,0.716,Mixed,High
CUST0000604,0.134,Mixed,Low
CUST0000338,0.266,Mixed,High
CUST0002293,0.841,Web,Medium
CUST0002565,0.79,Mobile,High
CUST0000072,0.99,Web,Medium
CUST0000126,0.023,Mixed,Medium
CUST0002565,0.142,Mobile,Low
CUST0000023,0.337,Mixed,Medium
CUST0000662,0.693,Mobile,Medium
CUST0000117,0.316,Mixed,Low
CUST0001979,0.346,Web,Medium
CUST0002882,0.227,Web,Low
CUST0000676,0.91,Mobile,Medium
CUST0002627,0.548,Web,High
CUST0002076,0.16,Mobile,Medium
CUST0002284,0.582,Mixed,High
CUST0000457,0.16,Web,Low
CUST0000979,0.272,Mixed,High
CUST0000407,0.696,Web,High
CUST0001518,0.758,Mixed,Medium
CUST0000201,0.433,Web,High
CUST0001605,0.167,Web,Low
CUST0000232,0.212,Mixed,Low
CUST0000798,0.54,Web,Medium
CUST0001976,0.589,Mobile,Medium
CUST0001596,0.869,Mixed,Low
CUST0002903,0.268,Mobile,Low
CUST0000917,0.612,Mobile,Medium
CUST0000880,0.003,Mixed,Medium
CUST0000042,0.471,Mobile,Medium
CUST0001129,0.398,Mobile,Medium
CUST0001840,0.12,Mobile,Medium
CUST0001740,0.891,Mobile,Low
CUST0002198,0.108,Mobile,Medium
CUST0001535,0.265,Mixed,High
CUST0000760,0.734,Mixed,Low
CUST0001119,0.181,Mobile,High
CUST0002098,0.077,Mobile,Medium
CUST0001712,0.969,Mobile,Low
CUST0001858,0.294,Mobile,Medium
CUST0002926,0.061,Mixed,Medium
CUST0001463,0.141,Mixed,Medium
CUST0002596,0.222,Mobile,Low
CUST0002845,0.958,Mobile,Low
CUST0002658,0.016,Mixed,High
CUST0002681,0.793,Mobile,Low
CUST0002098,0.781,Mobile,Medium
CUST0001545,0.5,Mobile,High
CUST0002494,0.933,Web,Low
CUST0001541,0.013,Mobile,High
CUST0001031,0.495,Mobile,Medium
CUST0002988,0.253,Mixed,Low
CUST0001917,0.762,Mobile,Medium
CUST0000515,0.173,Mobile,Medium
CUST0001679,0.875,Mobile,High
CUST0000595,0.405,Web,High
CUST0000771,0.136,Mixed,High
CUST0000340,0.035,Mobile,High
CUST0001359,0.689,Mobile,High
CUST0000614,0.928,Mixed,Low
CUST0000398,0.97,Web,High
CUST0000004,0.874,Web,Low
CUST0002467,0.39,Web,Low
CUST0001928,0.906,Web,Medium
CUST0000675,0.644,Mobile,Low
CUST0000324,0.063,Mobile,Medium
CUST0000684,0.171,Mobile,Medium
CUST0001529,0.385,Web,High
CUST0001044,0.306,Mobile,High
CUST0002103,0.336,Mixed,High
CUST0002035,0.735,Mixed,Low
CUST0000782,0.059,Mixed,High
CUST0002617,0.606,Web,Medium
CUST0000340,0.337,Mobile,High
CUST0002062,0.882,Mobile,High
CUST0001075,0.057,Web,Medium
CUST0001895,0.972,Mixed,Low
CUST0000058,0.081,Web,Low
CUST0001401,0.434,Mixed,Low
CUST0001915,0.857,Web,Medium
CUST0002903,0.322,Web,Medium
CUST0000464,0.85,Mobile,Low
CUST0002608,0.963,Mixed,High
CUST0002459,0.123,Mobile,Medium
CUST0000712,0.477,Web,Low
CUST0000924,0.231,Mixed,Low
CUST0000978,0.767,Mobile,Low
CUST0002722,0.108,Web,Low
CUST0000514,0.775,Mixed,High
CUST0000074,0.675,Mobile,High
CUST0001329,0.631,Web,Medium
CUST0002856,0.434,Web,Medium
CUST0000251,0.502,Web,Low
CUST0002115,0.1,Mobile,High
CUST0001249,0.27,Mobile,Medium
CUST0000414,0.913,Mobile,High
CUST0002612,0.442,Web,Medium
CUST0002855,0.403,Web,Low
CUST0001607,0.047,Mobile,Low
CUST0000493,0.884,Mixed,Medium
CUST0001023,0.753,Mobile,High
CUST0002649,0.092,Mixed,High
CUST0000642,0.15,Web,Low
CUST0001534,0.124,Web,Low
CUST0000962,0.653,Mixed,High
CUST0001487,0.159,Mobile,High
CUST0002319,0.995,Web,Low
CUST0001822,0.574,Mixed,Medium
CUST0002126,0.87,Web,Medium
CUST0000133,0.73,Mobile,High
CUST0001448,0.024,Mobile,High
CUST0000704,0.421,Mixed,Medium
CUST0001387,0.362,Mixed,Low
CUST0002824,0.952,Mobile,Low
CUST0000196,0.338,Mixed,Low
CUST0002740,0.687,Mobile,Medium
CUST0001950,0.589,Web,Low
CUST0002787,0.737,Mixed,Medium
CUST0001883,0.061,Web,Medium
CUST0002667,0.931,Mobile,High
CUST0001605,0.993,Mixed,Medium
CUST0001384,0.554,Web,Medium
CUST0002814,0.164,Mixed,High
CUST0000043,0.869,Web,High
CUST0001012,0.647,Mobile,Medium
CUST0000638,0.624,Web,High
CUST0000998,0.885,Mobile,Low
CUST0001254,0.731,Mixed,Low
CUST0002358,0.92,Mixed,Medium
CUST0001526,0.958,Mixed,High
CUST0001213,0.345,Mixed,High
CUST0002789,0.198,Mobile,Low
CUST0000357,0.385,Mixed,Medium
CUST0000154,0.968,Mobile,Medium
CUST0000353,0.191,Web,Medium
CUST0000673,0.591,Web,Low
CUST0001175,0.084,Mixed,High
CUST0001223,0.832,Mobile,Medium
CUST0000992,0.668,Web,High
CUST0000905,0.522,Mobile,Low
CUST0001296,0.63,Web,Medium
CUST0001964,0.117,Mixed,High
CUST0002795,0.861,Web,High
CUST0000540,0.34,Mixed,Low
CUST0002455,0.169,Mixed,Low
CUST0001676,0.015,Web,Medium
CUST0002602,0.061,Mixed,Low
CUST0001033,0.672,Mobile,High
CUST0002106,0.718,Mobile,Medium
CUST0001389,0.149,Mobile,Medium
CUST0002380,0.606,Web,Low
CUST0001700,0.483,Web,Low
CUST0002920,0.937,Web,Medium
CUST0001593,0.665,Mobile,Medium
CUST0000620,0.52,Mobile,Low
CUST0000281,0.284,Web,Low
CUST0000141,0.462,Mixed,High
CUST0001211,0.247,Mixed,Medium
CUST0001805,0.678,Web,High
CUST0001505,0.594,Mixed,Medium
CUST0000667,0.296,Mixed,Low
CUST0000936,0.012,Web,Low
CUST0001107,0.983,Web,Low
CUST0001366,0.053,Web,High
CUST0000180,0.547,Web,High
CUST0000179,0.852,Mixed,High
CUST0002562,0.621,Web,High
CUST0002188,0.587,Web,Low
CUST0002785,0.715,Web,High
CUST0000921,0.308,Mobile,High
CUST0001244,0.39,Mobile,Low
CUST0002271,0.085,Mixed,High
CUST0001004,0.005,Web,Medium
CUST0001183,0.265,Web,Low
CUST0000923,0.814,Web,High
CUST0001523,0.612,Mobile,High
CUST0001388,0.139,Web,High
CUST0002491,0.426,Mobile,Low
CUST0002083,0.02,Web,High
CUST0000353,0.802,Web,High
CUST0001025,0.461,Mobile,High
CUST0000009,0.277,Web,Low
CUST0001953,0.768,Mobile,Low
CUST0000556,0.97,Mixed,Medium
CUST0002789,0.403,Mobile,High
CUST0000719,0.765,Mixed,Medium
CUST0002537,0.321,Web,Low
CUST0000597,0.758,Mobile,Medium
CUST0001070,0.965,Mixed,Low
CUST0000786,0.65,Web,Medium
CUST0002299,0.239,Mobile,Low
CUST0001936,0.69,Web,Medium
CUST0002013,0.845,Mixed,High
CUST0001001,0.404,Mobile,Medium
CUST0002747,0.622,Web,High
CUST0001660,0.253,Web,High
CUST0002383,0.455,Mixed,Medium
CUST0001844,0.166,Mobile,Low
CUST0001461,0.836,Mobile,High
CUST0002492,0.097,Web,Medium
CUST0002159,0.056,Mixed,Medium
CUST0002825,0.534,Web,High
CUST0002844,0.582,Web,Low
CUST0000578,0.918,Mobile,High
CUST0002912,0.203,Web,Medium
CUST0000278,0.778,Mobile,Medium
CUST0002595,0.644,Mobile,High
CUST0000425,0.742,Mobile,Low
CUST0002768,0.157,Web,High
CUST0000671,0.446,Mobile,High
CUST0001339,0.356,Mobile,High
CUST0002698,0.7,Mobile,Low
CUST0001896,0.594,Mixed,High
CUST0001060,0.968,Mixed,High
CUST0002095,0.139,Mobile,Medium
CUST0002026,0.474,Web,Medium
CUST0000954,0.694,Web,Low
CUST0001633,0.369,Mixed,Low
CUST0001256,0.923,Mixed,Medium
CUST0001558,0.853,Web,High
CUST0000407,0.873,Mobile,Low
CUST0001839,0.609,Mixed,Low
CUST0000124,0.472,Mobile,Low
CUST0001771,0.368,Mixed,Medium
CUST0000730,0.12,Web,High
CUST0000400,0.948,Mixed,Low
CUST0001802,0.264,Mixed,Medium
CUST0001188,0.802,Mixed,Medium
CUST0000170,0.012,Mobile,Medium
CUST0002143,0.381,Web,Low
CUST0002002,0.571,Mixed,Medium
CUST0002705,0.314,Mobile,Medium
CUST0001328,0.194,Web,High
CUST0001844,0.071,Mobile,Medium
CUST0001120,0.989,Web,Low
CUST0000700,0.886,Mobile,Medium
CUST0002471,0.312,Web,High
CUST0001016,0.016,Mobile,Medium
CUST0000133,0.541,Mixed,Low
CUST0002410,0.321,Web,Medium
CUST0002679,0.116,Mobile,Low
CUST0002013,0.79,Mixed,Medium
CUST0000064,0.338,Mixed,Medium
CUST0001444,0.973,Web,Low
CUST0000935,0.706,Mobile,Medium
CUST0000370,0.84,Mixed,Low
CUST0001249,0.622,Mixed,Medium
CUST0002614,0.562,Web,Low
CUST0002564,0.428,Mixed,Medium
CUST0002864,0.083,Mobile,Medium
CUST0002103,0.737,Mixed,Medium
CUST0002177,0.34,Mixed,High
CUST0002773,0.197,Web,Medium
CUST0000418,0.114,Mixed,High
CUST0000541,0.078,Mixed,Low
CUST0001731,0.475,Mobile,High
CUST0001393,0.837,Web,Medium
CUST0002018,0.129,Web,Medium
CUST0000607,0.515,Web,High
CUST0001512,0.379,Web,High
CUST0002631,0.54,Web,High
CUST0000861,0.058,Web,Medium
CUST0001597,0.535,Web,Low
CUST0001227,0.55,Mixed,High
CUST0001451,0.87,Mobile,Low
CUST0002933,0.2,Web,High
CUST0002137,0.815,Mixed,High
CUST0001235,0.751,Mixed,High
CUST0000843,0.914,Mobile,Low
CUST0002605,0.913,Web,Medium
CUST0001827,0.766,Web,Medium
CUST0002337,0.925,Mobile,Medium
CUST0001605,0.259,Mixed,Medium
CUST0000995,0.156,Web,High
CUST0002243,0.28,Web,Low
CUST0001247,0.84,Mobile,High
CUST0002700,0.314,Mixed,Medium
CUST0000836,0.819,Mixed,Medium
CUST0002290,0.372,Mixed,High
CUST0000024,0.8,Web,High
CUST0000307,0.847,Mixed,Medium
CUST0001764,0.678,Mobile,High
CUST0001218,0.98,Mobile,Medium
CUST0001989,0.73,Mobile,Low
CUST0001548,0.245,Mobile,Low
CUST0002969,0.984,Mixed,High
CUST0000408,0.684,Mobile,Low
CUST0002681,0.436,Web,Medium
CUST0001708,0.492,Web,Medium
CUST0000301,0.766,Web,Low
CUST0000185,0.753,Mixed,Medium
CUST0002093,0.841,Mixed,Low
CUST0000634,0.241,Mixed,High
CUST0001298,0.948,Mixed,Medium
CUST0001428,0.262,Mobile,Low
CUST0000797,0.48,Mobile,High
CUST0002390,0.211,Mobile,High
CUST0001100,0.434,Mobile,Low
CUST0001215,0.65,Mobile,High
CUST0001186,0.492,Mobile,High
CUST0000773,0.249,Web,Low
CUST0001914,0.387,Mixed,High
CUST0000330,0.594,Mixed,Medium
CUST0002681,0.898,Mobile,Medium
CUST0002201,0.424,Web,Low
CUST0001214,0.575,Mobile,High
CUST0000385,0.911,Mobile,Low
CUST0002762,0.841,Mobile,High
CUST0002728,0.185,Mixed,High
CUST0000117,0.362,Mixed,Low
CUST0002769,0.789,Web,Medium
CUST0001797,0.731,Web,High
CUST0002790,0.767,Mobile,High
CUST0000944,0.159,Web,Medium
CUST0002163,0.46,Web,Medium
CUST0000073,0.695,Web,High
CUST0000849,0.406,Mobile,High
CUST0001693,0.564,Mobile,High
CUST0001847,0.76,Mixed,Medium
CUST0001962,0.504,Mobile,High
CUST0000846,0.61,Mixed,High
CUST0001271,0.343,Web,High
CUST0000111,0.365,Web,Medium
CUST0002907,0.188,Mobile,High
CUST0001022,0.992,Mixed,Medium
CUST0002492,0.607,Web,Low
CUST0001063,0.194,Web,High
CUST0001264,0.164,Web,Low
CUST0001981,0.229,Mixed,Medium
CUST0000212,0.718,Mixed,High
CUST0001943,0.499,Mobile,Medium
CUST0000693,0.536,Mobile,Medium
CUST0001203,0.696,Web,High
CUST0002801,0.729,Web,High
CUST0002387,0.747,Mobile,Medium
CUST0000564,0.08,Mixed,Low
CUST0002700,0.832,Mixed,High
CUST0002882,0.174,Mixed,Medium
CUST0001301,0.635,Mobile,High
CUST0000523,0.225,Mixed,High
CUST0002621,0.826,Mobile,Medium
CUST0000284,0.765,Web,Medium
CUST0000460,0.175,Mixed,Low
CUST0002418,0.55,Mixed,High
CUST0001471,0.722,Mobile,Low
CUST0002575,0.169,Mixed,Low
CUST0002464,0.146,Mixed,Low
CUST0002345,0.376,Mobile,Low
CUST0001102,0.919,Mobile,Low
CUST0000905,0.068,Mixed,Low
CUST0000510,0.359,Web,Low
CUST0001361,0.806,Mobile,Medium
CUST0002695,0.344,Mobile,Low
CUST0001376,0.055,Mobile,Medium
CUST0000774,0.633,Mobile,Medium
CUST0000912,0.958,Mobile,Medium
CUST0002506,0.58,Mobile,Medium
CUST0001189,0.814,Mobile,Medium
CUST0000103,0.014,Mixed,High
CUST0002202,0.661,Web,Medium
CUST0002718,0.151,Web,High
CUST0000898,0.699,Web,High
CUST0001938,0.57,Mobile,Medium
CUST0002311,0.222,Mobile,Medium
CUST0001623,0.585,Web,Medium
CUST0001017,0.676,Mixed,High
CUST0000660,0.902,Mobile,High
CUST0000783,0.889,Web,Low
CUST0000948,0.936,Web,Medium
CUST0002934,0.841,Web,Low
CUST0000668,0.541,Web,High
CUST0001984,0.849,Mixed,High
CUST0002371,0.722,Mobile,High
CUST0001155,0.738,Mixed,Low
CUST0001209,0.155,Mixed,Low
CUST0000055,0.18,Mobile,Medium
CUST0000704,0.18,Mixed,Low
CUST0002617,0.209,Mobile,Medium
CUST0002530,0.418,Mobile,Medium
CUST0002440,0.315,Web,Low
CUST0002825,0.049,Mixed,Low
CUST0002723,0.724,Mixed,Medium
CUST0001406,0.403,Mobile,Low
CUST0001443,0.078,Web,Medium
CUST0002187,0.789,Web,High
CUST0000376,0.02,Web,High
CUST0001926,0.56,Mobile,Medium
CUST0000409,0.757,Mobile,High
CUST0000001,0.373,Mixed,Low
CUST0001149,0.574,Mixed,Medium
CUST0002680,0.051,Mobile,Medium
CUST0002893,0.237,Mixed,High
CUST0000541,0.664,Mixed,Medium
CUST0000814,0.79,Mixed,High
CUST0001312,0.114,Mobile,Medium
CUST0000159,0.966,Mobile,Low
CUST0002266,0.395,Mobile,High
CUST0002520,0.925,Mobile,Low
CUST0002410,0.54,Mixed,Medium
CUST0000887,0.644,Mixed,High
CUST0000669,0.176,Mobile,Low
CUST0000159,0.885,Mixed,Medium
CUST0000912,0.087,Mixed,High
CUST0001279,0.987,Mixed,Low
CUST0001656,0.392,Mixed,High
CUST0002541,0.164,Web,Medium
CUST0001896,0.606,Web,Low
CUST0002815,0.866,Mobile,Medium
CUST0002909,0.397,Mobile,Low
CUST0001152,0.009,Mixed,Medium
CUST0001672,0.872,Web,Medium
CUST0000360,0.581,Mobile,High
CUST0000459,0.093,Mobile,High
CUST0002881,0.906,Web,Low
CUST0002085,0.773,Mobile,Low
CUST0000414,0.533,Mobile,Medium
CUST0002767,0.447,Web,High
CUST0001245,0.706,Mixed,Medium
CUST0001944,0.362,Web,Medium
CUST0001195,0.655,Mobile,Low
CUST0001163,0.151,Web,Medium
CUST0001103,0.142,Mixed,Medium
CUST0001213,0.311,Mobile,High
CUST0002668,0.886,Mobile,Medium
CUST0000110,0.85,Mobile,Medium
CUST0001318,0.492,Mixed,Medium
CUST0000410,0.585,Mobile,Low
CUST0001152,0.628,Mobile,High
CUST0001048,0.373,Mixed,Low
CUST0000214,0.701,Web,Low
CUST0001874,0.608,Mixed,High
CUST0000585,0.354,Web,Low
CUST0001757,0.284,Mobile,Medium
CUST0002400,0.981,Mixed,Low
CUST0000140,0.284,Mixed,Low
CUST0002705,0.174,Web,Medium
CUST0000729,0.835,Mixed,Medium
CUST0002523,0.811,Web,Low
CUST0001805,0.239,Web,Low
CUST0001829,0.849,Web,Medium
CUST0001290,0.912,Mixed,High
CUST0002422,0.332,Mobile,Medium
CUST0002951,0.329,Mixed,High
CUST0002958,0.131,Web,Medium
CUST0001148,0.611,Mobile,Medium
CUST0001636,0.694,Mixed,High
CUST0002422,0.073,Mobile,High
CUST0001000,0.209,Mobile,High
CUST0002309,0.27,Mobile,Low
CUST0002061,0.446,Web,High
CUST0002039,0.824,Web,Medium
CUST0001460,0.224,Mobile,Medium
CUST0001447,0.808,Mobile,Medium
CUST0000379,0.89,Web,Low
CUST0001813,0.201,Web,High
CUST0000192,0.993,Web,High
CUST0000529,0.517,Web,Low
CUST0001734,0.552,Web,High
CUST0001646,0.616,Web,Medium
CUST0000537,0.803,Mixed,High
CUST0002122,0.653,Web,Low
CUST0001486,0.735,Mobile,Low
CUST0000019,0.44,Mixed,High
CUST0001803,0.59,Web,Low
CUST0000266,0.247,Web,High
CUST0000239,0.363,Web,High
CUST0002675,0.632,Web,Medium
CUST0002549,0.041,Mobile,High
CUST0002141,0.579,Mobile,High
CUST0000605,0.551,Mixed,Medium
CUST0002262,0.187,Mobile,Medium
CUST0001906,0.933,Web,High
CUST0000334,0.084,Web,Medium
CUST0001979,0.052,Mixed,Low
CUST0000258,0.861,Mixed,High
CUST0002316,0.84,Web,Low
CUST0002134,0.396,Mobile,High
CUST0000588,0.975,Mixed,Medium
CUST0002047,0.975,Mixed,Medium
CUST0001356,0.125,Mobile,Medium
CUST0002628,0.479,Mixed,High
CUST0002833,0.053,Mobile,Low
CUST0001205,0.358,Web,High
CUST0002288,0.072,Mobile,Low
CUST0002451,0.161,Mixed,Medium
CUST0002682,0.893,Web,Low
CUST0001409,0.844,Mixed,High
CUST0000564,0.858,Mobile,High
CUST0001553,0.033,Mixed,Medium
CUST0000994,0.569,Mixed,High
CUST0002283,0.774,Mobile,Low
CUST0000954,0.692,Web,Low
CUST0002503,0.501,Web,Medium
CUST0000318,0.122,Mixed,Medium
CUST0001441,0.774,Mobile,Low
CUST0000838,0.89,Mixed,Low
CUST0000608,0.268,Web,High
CUST0002780,0.54,Mobile,Low
CUST0001381,0.49,Mixed,High
CUST0002880,0.733,Mixed,High
CUST0002909,0.926,Mobile,High
CUST0000022,0.453,Mixed,High
CUST0000898,0.462,Web,Medium
CUST0000458,0.226,Mobile,High
CUST0001076,0.179,Mixed,High
CUST0002805,0.039,Web,High
CUST0001490,0.818,Web,High
CUST0001709,0.402,Web,Low
CUST0001917,0.073,Mixed,Low
CUST0002147,0.551,Mixed,Low
CUST0002229,0.335,Mobile,High
CUST0001060,0.971,Mobile,Medium
CUST0001459,0.448,Mobile,Medium
CUST0000524,0.103,Mobile,High
CUST0001650,0.638,Mobile,Medium
CUST0000430,0.793,Web,Low
CUST0001241,0.581,Mobile,Low
CUST0001002,0.775,Web,Medium
CUST0001786,0.3,Mixed,Medium
CUST0002677,0.531,Mobile,High
CUST0000020,0.827,Web,Low
CUST0001148,0.075,Mixed,Medium
CUST0002672,0.259,Mobile,Medium
CUST0000715,0.627,Mobile,High
CUST0000148,0.506,Mixed,Low
CUST0000609,0.77,Mobile,Medium
CUST0001674,0.178,Mixed,High
CUST0001086,0.847,Mobile,High
CUST0001088,0.619,Mixed,Medium
CUST0002762,0.203,Web,High
CUST0001048,0.057,Web,Low
CUST0002857,0.982,Mixed,Low
CUST0000417,0.444,Mixed,Medium
CUST0000418,0.268,Web,Low
CUST0001743,0.18,Web,Low
CUST0002904,0.244,Web,Low
CUST0002821,0.49,Web,Medium
CUST0001398,0.853,Mobile,Low
CUST0000663,0.208,Web,High
CUST0001791,0.368,Web,Low
CUST0000523,0.797,Mobile,Low
CUST0001910,0.664,Mobile,Low
CUST0000995,0.029,Mobile,Medium
CUST0002422,0.25,Web,Medium
CUST0002341,0.127,Mixed,High
CUST0000539,0.041,Web,Low
CUST0001025,0.947,Mixed,Low
CUST0000447,0.621,Mobile,Low
CUST0001669,0.542,Mobile,Low
CUST0001035,0.86,Mobile,High
CUST0002785,0.591,Web,High
CUST0000336,0.578,Mixed,Low
CUST0002472,0.202,Web,Low
CUST0001564,0.62,Web,High
CUST0002333,0.668,Mobile,Low
CUST0002192,0.881,Mobile,Low
CUST0001921,0.425,Mobile,Low
CUST0001343,0.204,Mobile,Medium
CUST0000563,0.569,Mobile,Low
CUST0002749,0.973,Mobile,Medium
CUST0000082,0.075,Web,Low
CUST0001747,0.003,Web,Low
CUST0000356,0.036,Mixed,Medium
CUST0001865,0.831,Web,Medium
CUST0002330,0.001,Mobile,Medium
CUST0002690,0.222,Mobile,Medium
CUST0001475,0.982,Mixed,High
CUST0000045,0.746,Mobile,Medium
CUST0002364,0.219,Mixed,High
CUST0001940,0.222,Mixed,Low
CUST0001555,0.458,Mobile,Low
CUST0002771,0.076,Web,High
CUST0000105,0.653,Web,Low
CUST0002537,0.497,Web,Low
CUST0000874,0.419,Mixed,High
CUST0000248,0.49,Web,Low
CUST0002881,0.272,Mixed,Medium
CUST0000568,0.214,Mixed,Medium
CUST0001905,0.069,Mobile,Medium
CUST0002158,0.625,Mobile,High
CUST0000185,0.494,Web,Low
CUST0001027,0.711,Mobile,Medium
CUST0001837,0.894,Web,High
CUST0001352,0.993,Mixed,High
CUST0001692,0.227,Mobile,Medium
CUST0002423,0.168,Web,Low
CUST0000098,0.912,Mobile,Low
CUST0001305,0.402,Mobile,High
CUST0001916,0.803,Mixed,High
CUST0002881,0.135,Mobile,High
CUST0000747,0.295,Web,Medium
CUST0002631,0.011,Mobile,Low
CUST0000934,0.99,Mixed,Medium
CUST0000156,0.006,Mixed,Low
CUST0000337,0.172,Mixed,High
CUST0002406,0.558,Web,Low
CUST0001915,0.85,Mixed,Medium
CUST0002160,0.794,Mixed,High
CUST0002078,0.253,Web,Low
CUST0002148,0.88,Web,Medium
CUST0002450,0.07,Web,High
CUST0000386,0.332,Web,Low
CUST0000327,0.263,Web,Low
CUST0002160,0.656,Mobile,Medium
CUST0001773,0.038,Mixed,High
CUST0000059,0.854,Web,Low
CUST0002994,0.961,Mixed,High
CUST0000999,0.236,Mobile,High
CUST0000274,0.902,Mobile,Medium
CUST0001287,0.906,Web,High
CUST0002237,0.626,Mixed,High
CUST0000382,0.507,Mixed,Low
CUST0001732,0.775,Mobile,Medium
CUST0002681,0.518,Mobile,High
CUST0000709,0.744,Mobile,Medium
CUST0001207,0.093,Web,High
CUST0001254,0.285,Web,Low
CUST0002061,0.394,Mobile,Low
CUST0001125,0.205,Mixed,Medium
CUST0001476,0.23,Web,Medium
CUST0000729,0.762,Mixed,High
CUST0000479,0.174,Mobile,High
CUST0001832,0.112,Web,Low
CUST0000143,0.28,Mobile,Low
CUST0000028,0.16,Web,Low
CUST0002489,0.203,Mixed,Low
CUST0001783,0.783,Mobile,High
CUST0001227,0.441,Mixed,High
CUST0000221,0.434,Mixed,High
CUST0000123,0.525,Mixed,Low
CUST0001157,0.089,Web,High
CUST0002878,0.987,Mixed,Medium
CUST0002283,0.847,Mixed,Low
CUST0002218,0.293,Web,High
CUST0001858,0.057,Mobile,High
CUST0001622,0.617,Mixed,Low
CUST0001960,0.592,Web,High
CUST0000923,0.31,Mobile,Medium
CUST0000917,0.341,Web,Medium
CUST0002681,0.526,Web,Low
CUST0001300,0.879,Web,High
CUST0001824,0.109,Mobile,Medium
CUST0001718,0.51,Mobile,High
CUST0002038,0.437,Mixed,Medium
CUST0001978,0.466,Mixed,Medium
CUST0000112,0.91,Mixed,Medium
CUST0000878,0.544,Mixed,Low
CUST0001603,0.695,Mixed,High
CUST0001019,0.913,Mobile,Low
CUST0001224,0.302,Web,Medium
CUST0002756,0.359,Mixed,Low
CUST0002170,0.227,Web,Low
CUST0001688,0.652,Web,High
CUST0000290,0.254,Mixed,Low
CUST0002761,0.235,Web,High
CUST0000871,0.987,Web,Medium
CUST0000628,0.697,Web,Low
CUST0002417,0.814,Web,Medium
CUST0001548,0.969,Web,Medium
CUST0002552,0.971,Web,Low
CUST0002106,0.333,Web,Medium
CUST0002045,0.519,Web,Low
CUST0000443,0.923,Web,High
CUST0002628,0.026,Web,Medium
CUST0002833,0.916,Mobile,High
CUST0002783,0.858,Mobile,Medium
CUST0002462,0.468,Mobile,High
CUST0002805,0.517,Web,Medium
CUST0002495,0.048,Mixed,High
CUST0000446,0.556,Mixed,Medium
CUST0000405,0.123,Mobile,Low
CUST0002723,0.264,Web,Medium
CUST0000977,0.804,Mixed,Medium
CUST0002649,0.505,Mixed,Low
CUST0001206,0.752,Web,High
CUST0002200,0.932,Web,High
CUST0000341,0.171,Mobile,Medium
CUST0000588,0.26,Web,Medium
CUST0000526,0.587,Mobile,Low
CUST0001390,0.95,Web,Low
CUST0002140,0.779,Web,Low
CUST0002148,0.639,Mixed,High
CUST0001082,0.679,Web,Low
CUST0001704,0.433,Mobile,Medium
CUST0001470,0.404,Web,Low
CUST0001533,0.987,Mobile,Low
CUST0002748,0.856,Mixed,Medium
CUST0000861,0.761,Mixed,High
CUST0000821,0.72,Mobile,High
CUST0000771,0.567,Mobile,Low
CUST0000074,0.329,Mixed,Low
CUST0002400,0.433,Web,Medium
CUST0002117,0.059,Web,High
CUST0002697,0.089,Web,Low
CUST0000419,0.384,Web,Low
CUST0002373,0.116,Web,Low
CUST0001485,0.398,Mobile,Medium
CUST0002782,0.213,Mobile,Low
CUST0001905,0.35,Web,Medium
CUST0000917,0.379,Mixed,High
CUST0001284,0.794,Mixed,Medium
CUST0002193,0.686,Web,High
CUST0000993,0.815,Web,Medium
CUST0001527,0.365,Mobile,Low
CUST0001695,0.826,Mixed,Low
CUST0001542,0.95,Web,High
CUST0001761,0.277,Mobile,Low
CUST0000116,0.719,Mobile,Low
CUST0002599,0.058,Web,Low
CUST0002678,0.521,Web,High
CUST0000042,0.156,Mobile,Medium
CUST0000818,0.833,Mobile,Medium
CUST0000539,0.414,Mobile,High
CUST0001241,0.604,Web,High
CUST0002131,0.582,Mobile,Low
CUST0000270,0.104,Mobile,Medium
CUST0000108,0.1,Mixed,High
CUST0001039,0.572,Web,Medium
CUST0000947,0.315,Mobile,High
CUST0002710,0.111,Web,High
CUST0002750,0.31,Mixed,Low
CUST0000946,0.191,Mobile,Medium
CUST0002729,0.04,Web,Medium
CUST0000800,0.38,Mixed,High
CUST0002209,0.681,Web,High
CUST0001473,0.113,Mixed,High
CUST0001833,0.585,Web,High
CUST0000083,0.152,Mobile,Low
CUST0002163,0.068,Web,Low
CUST0000059,0.092,Mixed,High
CUST0002147,0.21,Mobile,Low
CUST0002490,0.466,Mixed,Medium
CUST0002563,0.444,Web,Medium
CUST0002423,0.476,Web,High
CUST0002114,0.376,Mobile,Low
CUST0001015,0.88,Web,Low
CUST0000804,0.885,Mixed,High
CUST0000907,0.658,Mobile,Low
CUST0002295,0.324,Mixed,Medium
CUST0000762,0.185,Mobile,Medium
CUST0000317,0.698,Mobile,Medium
CUST0002238,0.997,Mobile,Medium
CUST0000007,0.819,Web,High
CUST0002374,0.328,Web,Low
CUST0000089,0.192,Mobile,Low
CUST0000720,0.818,Mobile,Medium
CUST0000891,0.402,Web,Low
CUST0000830,0.585,Web,Medium
CUST0002327,0.043,Mixed,High
CUST0002869,0.806,Mixed,High
CUST0001931,0.202,Mobile,High
CUST0000072,0.764,Mobile,Medium
CUST0000882,0.66,Mixed,Medium
CUST0000217,0.412,Mobile,High
CUST0001933,0.534,Mixed,Low
CUST0002019,0.538,Mixed,Low
CUST0000110,0.225,Mixed,Low
CUST0000829,0.129,Web,Medium
CUST0001191,0.81,Mobile,Medium
CUST0002546,0.69,Mixed,Medium
CUST0000580,0.621,Web,Low
CUST0000749,0.278,Web,High
CUST0002475,0.402,Mobile,Low
CUST0002432,0.147,Mixed,High
CUST0001808,0.754,Mobile,High
CUST0001913,0.015,Mixed,Medium
CUST0000267,0.003,Mixed,Low
CUST0000600,0.521,Web,High
CUST0001087,0.344,Mixed,Medium
CUST0001992,0.144,Web,Medium
CUST0000375,0.723,Mixed,Low
CUST0000478,0.932,Mobile,Medium
CUST0002335,0.281,Mixed,Low
CUST0002502,0.603,Web,Medium
CUST0002328,0.745,Web,Low
CUST0002982,0.616,Web,Medium
CUST0001710,0.383,Web,High
CUST0001493,0.556,Web,Low
CUST0002182,0.725,Web,High
CUST0002976,0.943,Mobile,Low
CUST0000850,0.772,Mixed,Low
CUST0000879,0.315,Mobile,Low
CUST0000864,0.672,Mobile,Medium
CUST0002700,0.916,Mobile,High
CUST0002082,0.519,Mixed,Medium
CUST0000066,0.096,Mobile,Low
CUST0002220,0.641,Web,High
CUST0001878,0.605,Mixed,High
CUST0000533,0.134,Mobile,Low
CUST0002758,0.24,Mobile,Medium
CUST0001030,0.672,Mixed,High
CUST0001804,0.974,Mixed,High
CUST0001668,0.174,Web,High
CUST0002567,0.614,Web,Medium
CUST0002636,0.474,Mixed,High
CUST0000734,0.34,Web,Low
CUST0000841,0.914,Web,Medium
CUST0001543,0.937,Mobile,Low
CUST0000240,0.163,Web,High
CUST0001071,0.706,Mobile,Low
CUST0000790,0.774,Web,Low
CUST0000155,0.923,Mobile,Medium
CUST0002300,0.073,Web,Medium
CUST0001763,0.932,Web,Medium
CUST0001574,0.246,Web,High
CUST0000270,0.858,Mobile,Medium
CUST0001704,0.828,Mixed,Medium
CUST0002404,0.794,Web,Low
CUST0001741,0.294,Web,Low
CUST0000613,0.76,Mixed,Low
CUST0001140,0.262,Mobile,Medium
CUST0000050,0.31,Web,Medium
CUST0000459,0.817,Mobile,High
CUST0002080,0.584,Web,Low
CUST0001861,0.301,Mobile,High
CUST0000992,0.7,Mobile,Medium
CUST0001111,0.858,Mixed,High
CUST0002309,0.558,Mobile,Medium
CUST0002682,0.219,Web,Medium
CUST0000808,0.58,Mixed,High
CUST0001702,0.586,Mixed,Low
CUST0002523,0.631,Mobile,High
CUST0000766,0.781,Mobile,Low
CUST0001214,0.981,Web,Low
CUST0001282,0.11,Mixed,Medium
CUST0000808,0.192,Mixed,High
CUST0000505,0.815,Mixed,Low
CUST0002552,0.529,Mobile,Medium
CUST0000583,0.746,Web,Low
CUST0001256,0.416,Web,Low
CUST0000434,0.839,Mixed,Low
CUST0000406,0.421,Mobile,Medium
CUST0000903,0.947,Web,Low
CUST0001917,0.391,Web,Medium
CUST0002543,0.281,Mobile,Medium
CUST0000365,0.102,Web,Low
CUST0001048,0.849,Mixed,Low
CUST0002212,0.949,Mobile,Medium
CUST0002869,0.894,Mixed,Low
CUST0002258,0.76,Mixed,High
CUST0002667,0.432,Mobile,Low
CUST0000922,0.308,Web,Low
CUST0002279,0.285,Mixed,High
CUST0002360,0.76,Web,Medium
CUST0001878,0.345,Web,Medium
CUST0002649,0.785,Web,Medium
CUST0002603,0.982,Web,Medium
CUST0002857,0.189,Web,High
CUST0002521,0.114,Mobile,Medium
CUST0001799,0.119,Web,High
CUST0001832,0.059,Web,High
CUST0001784,0.691,Mixed,Low
CUST0001900,0.593,Mobile,Medium
CUST0002968,0.564,Web,Medium
CUST0001174,0.582,Web,Low
CUST0000302,0.07,Mixed,Low
CUST0000023,0.291,Mobile,Medium
CUST0001024,0.266,Mobile,High
CUST0001671,0.479,Mixed,Medium
CUST0002978,0.879,Mobile,Low
CUST0000395,0.972,Mobile,Medium
CUST0002987,0.612,Web,Medium
CUST0001352,0.247,Mixed,Medium
CUST0001382,0.381,Mixed,High
CUST0001419,0.325,Mobile,High
CUST0000811,0.204,Web,Low
CUST0000031,0.979,Mobile,High
CUST0000741,0.132,Web,High
CUST0001280,0.566,Mobile,Low
CUST0001946,0.799,Mobile,High
CUST0002506,0.94,Mixed,Low
CUST0001351,0.201,Mobile,Low
CUST0001508,0.192,Mobile,High
CUST0002234,0.497,Mixed,Medium
CUST0002324,0.384,Web,High
CUST0001871,0.249,Mobile,Medium
CUST0002640,0.094,Mobile,High
CUST0001891,0.365,Mixed,High
CUST0001214,0.282,Web,High
CUST0002493,0.172,Mobile,Medium
CUST0002005,0.368,Mobile,Medium
CUST0001846,0.082,Mixed,Low
CUST0002851,0.917,Web,Medium
CUST0001640,0.599,Mobile,Medium
CUST0001392,0.479,Mixed,Medium
CUST0002173,0.13,Mixed,High
CUST0000009,0.777,Mixed,Medium
CUST0000094,0.075,Web,High
CUST0000022,0.985,Mixed,High
CUST0002412,0.843,Mobile,High
CUST0000346,0.471,Mobile,High
CUST0001951,0.672,Web,Medium
CUST0002597,0.089,Mobile,High
CUST0002303,0.489,Web,Medium
CUST0002795,0.82,Mobile,Low
CUST0001456,0.078,Mixed,Low
CUST0000130,0.217,Mobile,High
CUST0000741,0.777,Mixed,Low
CUST0002664,0.458,Web,Low
CUST0001680,0.665,Mixed,Low
CUST0002354,0.818,Mixed,High
CUST0000381,0.145,Mobile,Low
CUST0001404,0.469,Web,High
CUST0001635,0.563,Mobile,Medium
CUST0000518,0.615,Web,Low
CUST0002710,0.848,Mixed,High
CUST0000907,0.476,Web,Medium
CUST0002530,0.317,Web,Low
CUST0002682,0.802,Web,Low
CUST0000077,0.897,Mobile,High
CUST0002733,0.359,Mixed,Low
CUST0002258,0.726,Mixed,Low
CUST0002360,0.212,Mobile,High
CUST0001708,0.09,Web,Medium
CUST0001886,0.377,Mixed,Medium
CUST0002153,0.407,Mixed,Low
CUST0001665,0.114,Mixed,High
CUST0000229,0.102,Web,Medium
CUST0000516,0.706,Mobile,Medium
CUST0000334,0.719,Mobile,Medium
CUST0001739,0.072,Mixed,Medium
CUST0002135,0.507,Web,High
CUST0000494,0.56,Mixed,Medium
CUST0001484,0.499,Mobile,Medium
CUST0002362,0.979,Web,Medium
CUST0002159,0.458,Mobile,Low
CUST0001578,0.545,Mixed,Medium
CUST0002244,0.31,Mobile,Low
CUST0001473,0.252,Web,Medium
CUST0002803,0.819,Web,High
CUST0000552,0.928,Web,High
CUST0000254,0.322,Mobile,High
CUST0000074,0.848,Web,Low
CUST0000903,0.422,Mobile,Low
CUST0001666,0.525,Web,Medium
CUST0000727,0.178,Mobile,High
CUST0001314,0.584,Mobile,Medium
CUST0002680,0.953,Mobile,Medium
CUST0000780,0.051,Web,High
CUST0001267,0.261,Mobile,Medium
CUST0001848,0.694,Web,Low
CUST0001868,0.269,Mixed,Low
CUST0001261,0.368,Web,High
CUST0001706,0.29,Mixed,High
CUST0002187,0.967,Web,High
CUST0001182,0.487,Mixed,High
CUST0002954,0.134,Mobile,Medium
CUST0001623,0.122,Mixed,Medium
CUST0000530,0.31,Mixed,High
CUST0001545,0.401,Mobile,High
CUST0000626,0.289,Mixed,Medium
CUST0002182,0.551,Web,Medium
CUST0001868,0.872,Web,Low
CUST0002513,0.788,Mixed,Medium
CUST0001801,0.579,Mixed,High
CUST0002821,0.724,Web,High
CUST0000604,0.662,Web,Low
CUST0000350,0.066,Mixed,Low
CUST0002878,0.635,Mobile,Low
CUST0000559,0.872,Mobile,Medium
CUST0000295,0.83,Web,Medium
CUST0001152,0.47,Mobile,High
CUST0000827,0.326,Mixed,High
CUST0001732,0.378,Web,Low
CUST0001516,0.566,Mobile,Low
CUST0000696,0.41,Mobile,Medium
CUST0001270,0.348,Mobile,High
CUST0001422,0.119,Web,High
CUST0001872,0.106,Mixed,Low
CUST0001125,0.029,Mixed,Medium
CUST0001696,0.994,Web,High
CUST0000159,0.363,Mobile,High
CUST0001221,0.073,Mixed,Medium
CUST0002705,0.568,Mobile,Low
CUST0002667,0.675,Mixed,Low
CUST0002264,0.681,Mixed,Medium
CUST0000887,0.969,Mixed,Medium
CUST0000843,0.213,Mobile,Medium
CUST0002651,0.895,Mobile,High
CUST0001289,0.906,Mobile,Medium
CUST0000408,0.458,Mobile,Low
CUST0001812,0.953,Mobile,High
CUST0000013,0.202,Web,Medium
CUST0000823,0.34,Mixed,Medium
CUST0000604,0.759,Mixed,Medium
CUST0001519,0.945,Web,Low
CUST0001759,0.078,Mixed,Low
CUST0001632,0.673,Web,Low
CUST0000357,0.943,Web,High
CUST0000303,0.103,Web,Low
CUST0002300,0.183,Mixed,Medium
CUST0000583,0.677,Web,Low
CUST0002883,0.632,Mixed,High
CUST0002856,0.298,Mobile,Low
CUST0002142,0.937,Mobile,High
CUST0000031,0.387,Web,Medium
CUST0000301,0.341,Web,High
CUST0000310,0.841,Mobile,Low
CUST0000329,0.562,Mobile,Medium
CUST0001122,0.442,Mobile,Low
CUST0000411,0.545,Web,Low
CUST0000052,0.717,Mobile,Medium
CUST0002615,0.083,Web,Medium
CUST0001051,0.334,Web,Low
CUST0002913,0.861,Web,Medium
CUST0002164,0.733,Mixed,Low
CUST0001389,0.074,Web,High
CUST0000685,0.46,Mobile,High
CUST0002475,0.308,Mobile,Low
CUST0000554,0.793,Web,High
CUST0002822,0.144,Mixed,Low
CUST0002352,0.145,Mixed,Medium
CUST0000342,0.742,Web,High
CUST0001524,0.987,Mixed,Medium
CUST0002741,0.39,Web,Low
CUST0001997,0.863,Mobile,Low
CUST0001307,0.398,Mixed,High
CUST0000296,0.657,Web,Medium
CUST0000094,0.487,Mixed,Low
CUST0001187,0.743,Mixed,Low
CUST0002678,0.057,Mixed,Medium
CUST0001409,0.55,Mobile,Medium
CUST0002203,0.998,Mobile,Low
CUST0000278,0.752,Mixed,Medium
CUST0002553,0.23,Mobile,High
CUST0002671,0.306,Mobile,Medium
CUST0002027,0.689,Mixed,High
CUST0001816,0.149,Mixed,Medium
CUST0000151,0.007,Mixed,Low
CUST0002229,0.773,Web,Low
CUST0001865,0.599,Mobile,Medium
CUST0001947,0.673,Web,Medium
CUST0001432,0.022,Web,Low
CUST0002256,0.379,Web,Medium
CUST0002176,0.532,Mobile,Low
CUST0000023,0.698,Mixed,Low
CUST0002536,0.845,Mobile,Low
CUST0000312,0.287,Mixed,High
CUST0002710,0.907,Web,High
CUST0000605,0.672,Web,High
CUST0002452,0.399,Web,Low
CUST0002822,0.662,Web,Low
CUST0001567,0.661,Web,Medium
CUST0001641,0.214,Mixed,High
CUST0002505,0.006,Web,Low
CUST0000958,0.123,Web,Medium
CUST0000345,0.955,Mixed,Medium
CUST0002688,0.858,Mobile,High
CUST0001912,0.172,Web,High
CUST0000042,0.659,Mixed,High
CUST0000614,0.916,Web,Low
CUST0002273,0.916,Mixed,Low
CUST0001549,0.564,Mobile,High
CUST0002661,0.723,Web,Medium
CUST0000923,0.394,Web,Low
CUST0000851,0.072,Mobile,Low
CUST0000592,0.529,Mobile,High
CUST0002095,0.318,Mobile,Low
CUST0001870,0.407,Mixed,High
CUST0002820,0.174,Web,Low
CUST0001639,0.735,Mixed,Medium
CUST0002454,0.948,Mobile,Low
CUST0001903,0.701,Web,High
CUST0001153,0.492,Mobile,Medium
CUST0001203,0.419,Mobile,Medium
CUST0002517,0.551,Mixed,High
CUST0000114,0.651,Mixed,Medium
CUST0000575,0.127,Web,Low
CUST0001627,0.791,Mixed,Medium
CUST0001186,0.005,Web,Medium
CUST0002077,0.845,Mobile,Medium
CUST0000711,0.502,Web,Low
CUST0002017,0.435,Mobile,Medium
CUST0000825,0.121,Mixed,Low
CUST0000460,0.584,Mobile,Medium
CUST0002337,0.089,Mixed,High
CUST0002414,0.866,Web,Low
CUST0001496,0.302,Web,Low
CUST0002753,0.173,Web,Low
CUST0000119,0.251,Mobile,Medium
CUST0002513,0.533,Mixed,Low
CUST0000104,0.56,Web,High
CUST0000050,0.338,Mobile,High
CUST0001721,0.788,Mobile,Medium
CUST0000854,0.378,Mobile,Low
CUST0002865,0.438,Web,Medium
CUST0000475,0.13,Mobile,High
CUST0000719,0.136,Mixed,Medium
CUST0000855,0.101,Mixed,High
CUST0001755,0.147,Web,High
CUST0000113,0.9,Mobile,Medium
CUST0000754,0.685,Web,High
CUST0002280,0.672,Mobile,High
CUST0002185,0.146,Web,High
CUST0002671,0.519,Web,Low
CUST0000877,0.489,Mixed,High
CUST0000925,0.288,Mobile,Medium
CUST0001189,0.27,Mixed,Low
CUST0002167,0.762,Mixed,Low
CUST0001537,0.298,Mobile,Medium
CUST0002380,0.592,Web,High
CUST0001601,0.919,Mobile,Medium
CUST0002715,0.514,Mobile,Medium
CUST0002225,0.604,Mixed,High
CUST0002594,0.875,Mixed,High
CUST0001127,0.721,Mobile,Low
CUST0001911,0.013,Mobile,Low
CUST0000483,0.145,Web,High
CUST0001074,0.269,Mixed,High
CUST0002734,0.43,Mixed,Medium
CUST0000266,0.276,Mixed,High
CUST0001752,0.461,Mobile,High
CUST0000263,0.784,Mobile,High
CUST0000398,0.973,Web,High
CUST0002795,0.629,Mixed,High
CUST0002447,0.87,Mixed,Medium
CUST0000695,0.344,Web,High
CUST0000364,0.137,Web,Medium
CUST0002235,0.833,Web,Medium
CUST0001893,0.772,Mixed,Low
CUST0000329,0.236,Mixed,Medium
CUST0001831,0.539,Mixed,Low
CUST0002479,0.994,Mixed,High
CUST0000545,0.972,Web,Low
CUST0000736,0.452,Web,High
CUST0002581,0.284,Web,High
CUST0002629,0.294,Mixed,Low
CUST0000939,0.878,Web,Medium
CUST0002315,0.669,Mixed,High
CUST0002525,0.599,Web,Low
CUST0001212,0.268,Web,Medium
CUST0002734,0.406,Mobile,Medium
CUST0001406,0.558,Mixed,High
CUST0002504,0.521,Mixed,Medium
CUST0000731,0.053,Mobile,Medium
CUST0001518,0.487,Mobile,High
CUST0001833,0.611,Mixed,Medium
CUST0002411,0.788,Mobile,Low
CUST0001588,0.129,Mixed,Medium
CUST0000304,0.825,Mobile,Low
CUST0002695,0.093,Mixed,Medium
CUST0002147,0.499,Mobile,High
CUST0000556,0.085,Mixed,Medium
CUST0002182,0.817,Web,Low
CUST0002195,0.464,Mobile,Medium
CUST0002276,0.621,Web,High
CUST0001898,0.499,Mobile,Medium
CUST0002448,0.461,Mobile,Medium
CUST0001419,0.183,Mixed,Low
CUST0002916,0.943,Mixed,Medium
CUST0000604,0.729,Mixed,Low
CUST0001005,0.567,Mixed,High
CUST0000892,0.206,Mobile,Medium
CUST0000419,0.4,Mixed,High
CUST0001699,0.342,Mobile,High
CUST0000507,0.756,Mixed,Low
CUST0002705,0.193,Mobile,Medium
CUST0002215,0.667,Web,Low
CUST0001515,0.903,Mixed,Low
CUST0002180,0.838,Mixed,Low
CUST0001200,0.339,Mixed,Medium
CUST0001584,0.152,Mixed,Low
CUST0000338,0.363,Mixed,High
CUST0002924,0.394,Web,Medium
CUST0000062,0.537,Mobile,High
CUST0000023,0.045,Mobile,Low
CUST0001212,0.511,Mixed,Low
CUST0000298,0.605,Web,High
CUST0001764,0.942,Mixed,High
CUST0001190,0.725,Mixed,Low
CUST0002899,0.028,Mixed,Medium
CUST0000058,0.175,Mixed,Medium
CUST0000447,0.475,Mobile,Low
CUST0002491,0.976,Mixed,Low
CUST0001535,0.601,Mixed,High
CUST0001586,0.844,Mixed,High
CUST0002946,0.104,Mixed,Low
CUST0000755,0.437,Web,Low
CUST0002385,0.022,Web,Low
CUST0000269,0.248,Mobile,High
CUST0002104,0.811,Web,Low
CUST0000220,0.622,Web,Low
CUST0002136,0.282,Web,High
CUST0002530,0.842,Mobile,High
CUST0002033,0.735,Web,Medium
CUST0001061,0.502,Mobile,High
CUST0002702,0.044,Mobile,Medium
CUST0002246,0.906,Web,Medium
CUST0002985,0.669,Mixed,Low
CUST0002900,0.813,Mixed,Low
CUST0002455,0.936,Mixed,High
CUST0001708,0.138,Web,Low
CUST0000416,0.753,Mixed,High
CUST0001750,0.155,Web,Low
CUST0000743,0.516,Web,Medium
CUST0001138,0.727,Web,Medium
CUST0002431,0.52,Mobile,Low
CUST0000084,0.473,Web,High
CUST0000491,0.283,Mobile,Medium
CUST0002862,0.768,Mobile,Low
CUST0002048,0.089,Web,High
CUST0002599,0.232,Mobile,Low
CUST0002298,0.045,Mobile,High
CUST0000619,0.177,Web,High
CUST0001442,0.408,Web,Medium
CUST0001487,0.03,Mixed,Low
CUST0000597,0.227,Mobile,Medium
CUST0001146,0.041,Web,Medium
CUST0002413,0.876,Web,Medium
CUST0001190,0.89,Web,High
CUST0000925,0.699,Web,Medium
CUST0001730,0.595,Web,Medium
CUST0000916,0.796,Mobile,Low
CUST0001593,0.281,Mobile,Medium
CUST0001260,0.742,Web,Low
CUST0000883,0.33,Mixed,Medium
CUST0000845,0.443,Mixed,High
CUST0001239,0.98,Mobile,High
CUST0002107,0.846,Web,Low
CUST0002800,0.419,Mobile,Low
CUST0001419,0.905,Web,Medium
CUST0002391,0.097,Web,High
CUST0002596,0.903,Mixed,High
CUST0000284,0.889,Web,Low
CUST0000081,0.647,Web,Medium
CUST0002632,0.325,Web,High
CUST0002561,0.822,Web,Low
CUST0001373,0.272,Mobile,Medium
CUST0000436,0.142,Web,Low
CUST0000771,0.551,Mixed,Medium
CUST0001293,0.129,Mobile,High
CUST0001889,0.357,Mixed,Low
CUST0002327,0.58,Web,High
CUST0000727,0.208,Mixed,Low
CUST0001690,0.414,Mobile,Low
CUST0001928,0.308,Mixed,High
CUST0002641,0.154,Web,Low
CUST0002941,0.634,Web,Medium
CUST0000471,0.6,Mixed,Medium
CUST0000439,0.559,Web,Medium
CUST0001564,0.931,Mobile,Low
CUST0002018,0.927,Mobile,Low
CUST0001771,0.572,Mobile,Low
CUST0002940,0.739,Mixed,High
CUST0001299,0.805,Mixed,Low
CUST0002189,0.11,Mobile,Low
CUST0002727,0.845,Mixed,High
CUST0002822,0.005,Mobile,Low
CUST0002317,0.002,Web,High
CUST0002100,0.31,Mixed,High
CUST0002553,0.793,Mobile,High
CUST0000247,0.921,Mobile,High
CUST0002903,0.399,Mobile,High
CUST0002084,0.631,Mixed,Medium
CUST0000107,0.473,Web,Medium
CUST0000961,0.28,Mixed,Low
CUST0002035,0.868,Mobile,Low
CUST0000092,0.587,Mixed,Low
CUST0001207,0.689,Web,Low
CUST0000206,0.617,Web,Low
CUST0002928,0.084,Mixed,High
CUST0002759,0.83,Web,Medium
CUST0002089,0.038,Mixed,Medium
CUST0001451,0.691,Mixed,Medium
CUST0000703,0.141,Web,High
CUST0002569,0.547,Mobile,Medium
CUST0002790,0.127,Mixed,High
CUST0000660,0.969,Mobile,Medium
CUST0000614,0.432,Web,High
CUST0001771,0.793,Mobile,Low
CUST0002028,0.797,Mixed,Low
CUST0002334,0.121,Web,High
CUST0001408,0.566,Mixed,High
CUST0000584,0.999,Web,High
CUST0002304,0.382,Mixed,Medium
CUST0000094,0.096,Mobile,Low
CUST0000670,0.764,Mixed,Medium
CUST0001485,0.594,Mobile,Low
CUST0000031,0.714,Mixed,Medium
CUST0000608,0.532,Mixed,Medium
CUST0001316,0.269,Mixed,High
CUST0002729,0.468,Mixed,Low
CUST0000573,0.586,Mixed,Medium
CUST0000925,0.238,Web,High
CUST0002032,0.854,Mobile,High
CUST0001954,0.411,Mobile,High
CUST0002010,0.715,Web,High
CUST0002821,0.944,Mixed,Medium
CUST0002708,0.416,Mobile,Medium
CUST0001259,0.461,Web,Low
CUST0000285,0.184,Web,Medium
CUST0000515,0.376,Web,High
CUST0000340,0.529,Mobile,Low
CUST0000537,0.23,Web,Low
CUST0000233,0.026,Web,Medium
CUST0000325,0.258,Mobile,Low
CUST0001079,0.683,Web,Medium
CUST0001464,0.858,Mobile,High
CUST0002973,0.131,Mixed,High
CUST0001266,0.672,Mobile,Medium
CUST0000637,0.34,Mobile,High
CUST0002025,0.301,Mixed,Medium
CUST0001321,0.433,Web,Medium
CUST0000130,0.871,Web,High
CUST0001542,0.581,Web,High
CUST0000228,0.641,Mobile,Low
CUST0000187,0.114,Mixed,High
CUST0001217,0.121,Mixed,High
CUST0001389,0.502,Web,Medium
CUST0002620,0.718,Web,Medium
CUST0001582,0.196,Web,High
CUST0000275,0.548,Mixed,Low
CUST0001281,0.916,Web,Medium
CUST0000735,0.513,Mixed,Medium
CUST0000018,0.481,Mobile,High
CUST0001927,0.585,Web,High
CUST0000416,0.692,Mobile,High
CUST0002275,0.302,Mixed,High
CUST0001248,0.335,Mobile,High
CUST0002363,0.157,Mobile,Low
CUST0002113,0.949,Web,Medium
CUST0000993,0.048,Web,Low
CUST0000780,0.461,Mixed,Low
CUST0002221,0.684,Mixed,High
CUST0001688,0.711,Mixed,Medium
CUST0000438,0.626,Mixed,High
CUST0002272,0.341,Mobile,Low
CUST0002071,0.077,Mixed,Medium
CUST0000345,0.932,Mobile,Medium
CUST0000730,0.19,Mixed,High
CUST0002325,0.909,Web,Low
CUST0001734,0.225,Mixed,High
CUST0002198,0.071,Mobile,Medium
CUST0002682,0.084,Mobile,High
CUST0002157,0.358,Mobile,Medium
CUST0002763,0.152,Mobile,High
CUST0001829,0.482,Mobile,Low
CUST0002334,0.454,Mobile,Low
CUST0000877,0.836,Mobile,High
CUST0000076,0.696,Mixed,Low
CUST0001435,0.698,Mixed,High
CUST0002298,0.591,Mixed,Medium
CUST0002126,0.047,Web,Low
CUST0002815,0.747,Mobile,Low
CUST0000885,0.359,Mixed,Low
CUST0002945,0.836,Web,Medium
CUST0001018,0.247,Web,Low
CUST0001650,0.67,Mobile,Low
CUST0001905,0.604,Web,High
CUST0000840,0.112,Mixed,High
CUST0001256,0.136,Mobile,Medium
CUST0002586,1.0,Mixed,Medium
CUST0001882,0.336,Mixed,High
CUST0002737,0.407,Web,Low
CUST0000428,0.855,Mobile,High
CUST0002603,0.631,Web,High
CUST0000049,0.679,Web,Medium
CUST0000180,0.636,Mixed,Medium
CUST0000327,0.323,Mixed,Low
CUST0000672,0.829,Web,High
CUST0001642,0.034,Mixed,Low
CUST0000113,0.367,Web,Medium
CUST0001274,0.955,Mobile,Medium
CUST0000530,0.379,Mixed,Medium
CUST0002006,0.017,Mixed,Low
CUST0001821,0.192,Web,Low
CUST0001696,0.944,Web,High
CUST0000182,0.849,Mixed,Medium
CUST0000497,0.195,Mobile,High
CUST0002644,0.977,Mixed,Medium
CUST0002731,0.159,Web,High
CUST0000681,0.992,Mobile,Medium
CUST0000904,0.845,Mobile,High
CUST0002859,0.913,Mobile,Low
CUST0002995,0.14,Web,Low
CUST0000136,0.302,Mixed,High
CUST0001661,0.702,Mixed,Medium
CUST0001454,0.505,Mobile,Low
CUST0000545,0.292,Mixed,High
CUST0000314,0.695,Web,Low
CUST0002127,0.78,Mixed,High
CUST0000350,0.285,Web,High
CUST0001989,0.086,Mobile,Low
CUST0000083,0.574,Mobile,Low
CUST0000874,0.397,Web,High
CUST0002699,0.878,Mobile,High
CUST0000485,0.045,Mixed,High
CUST0000330,0.638,Mixed,High
CUST0002928,0.047,Mixed,High
CUST0002688,0.113,Web,Low
CUST0001953,0.369,Mixed,Medium
CUST0000445,0.229,Mobile,High
CUST0001112,0.162,Mixed,Medium
CUST0001565,0.793,Mixed,Medium
CUST0001767,0.232,Web,Medium
CUST0001179,0.365,Mobile,High
CUST0002062,0.908,Mixed,Low
CUST0000509,0.786,Mobile,Medium
CUST0000549,0.524,Web,High
CUST0001508,0.094,Web,Low
CUST0001240,0.945,Mixed,Low
CUST0001073,0.709,Mixed,Medium
CUST0001771,0.035,Mobile,Medium
CUST0002810,0.949,Mixed,Medium
CUST0002013,0.072,Web,Low
CUST0002063,0.603,Web,Low
CUST0000517,0.394,Web,Low
CUST0001006,0.981,Web,Medium
CUST0002791,0.923,Web,Medium
CUST0001837,0.599,Mixed,High
CUST0000897,0.701,Mobile,High
CUST0002351,0.822,Mixed,Medium
CUST0000290,0.82,Mixed,Low
CUST0001000,0.599,Mobile,Low
CUST0000136,0.252,Mixed,Medium
CUST0000238,0.313,Mobile,High
CUST0000087,0.666,Web,Medium
CUST0002276,0.688,Web,Medium
CUST0002853,0.371,Web,Low
CUST0000430,0.888,Web,Medium
CUST0000763,0.4,Web,Medium
CUST0001604,0.698,Mobile,Low
CUST0001735,0.209,Mixed,Low
CUST0001508,0.353,Mobile,Low
CUST0000598,0.546,Mobile,Low
CUST0001899,0.038,Mobile,High
CUST0002539,0.042,Mobile,High
CUST0001839,0.27,Mobile,Medium
CUST0002085,0.828,Web,Low
CUST0000200,0.217,Mixed,Low
CUST0001492,0.886,Web,Low
CUST0002091,0.716,Mobile,High
CUST0001305,0.689,Mixed,Medium
CUST0002802,0.674,Mobile,Medium
CUST0002534,0.976,Web,Medium
CUST0002706,0.634,Web,Low
CUST0001971,0.649,Mobile,High
CUST0000764,0.453,Mixed,Low
CUST0000302,0.872,Mobile,Low
CUST0002763,0.057,Mixed,High
CUST0001979,0.344,Mobile,Medium
CUST0000334,0.287,Mixed,High
CUST0001278,0.398,Mobile,Low
CUST0000854,0.48,Web,Low
CUST0000237,0.956,Mobile,High
CUST0002743,0.924,Mixed,High
CUST0002383,0.611,Mixed,High
CUST0002821,0.02,Web,Medium
CUST0000113,0.556,Mixed,Medium
CUST0000389,0.068,Mixed,High
CUST0000889,0.36,Mixed,High
CUST0000690,0.304,Web,Low
CUST0001427,0.648,Mobile,High
CUST0002722,0.018,Web,Medium
CUST0002357,0.789,Web,High
CUST0001045,0.826,Mobile,High
CUST0001325,0.032,Mixed,High
CUST0001596,0.082,Mobile,Low
CUST0001973,0.921,Web,Medium
CUST0002520,0.616,Mobile,High
CUST0002851,0.96,Web,Low
CUST0001874,0.458,Mobile,High
CUST0002809,0.191,Web,Medium
CUST0000014,0.37,Mixed,Low
CUST0001622,0.929,Mobile,Low
CUST0000615,0.115,Mobile,Low
CUST0002270,0.892,Mobile,Medium
CUST0001292,0.53,Mixed,High
CUST0000689,0.07,Mobile,Low
CUST0001740,0.4,Mobile,Medium
CUST0001143,0.243,Mobile,Low
CUST0002152,0.575,Web,Low
CUST0000732,0.152,Web,Low
CUST0001490,0.941,Mobile,Medium
CUST0001397,0.211,Mixed,Medium
CUST0000665,0.633,Web,High
CUST0000883,0.831,Mixed,Low
CUST0002800,0.596,Mixed,High
CUST0001051,0.656,Mixed,High
CUST0002206,0.409,Mobile,Low
CUST0001739,0.102,Mixed,Low
CUST0002747,0.131,Mixed,High
CUST0001965,0.702,Mixed,Low
CUST0001205,0.797,Mobile,Low
CUST0002638,0.842,Web,High
CUST0000301,0.363,Web,Low
CUST0002493,0.969,Mixed,Low
CUST0000267,0.642,Web,Medium
CUST0000078,0.154,Mobile,Low
CUST0002671,0.067,Mobile,Medium
CUST0001750,0.545,Mobile,Low
CUST0001226,0.741,Web,High
CUST0000228,0.018,Mixed,High
CUST0001048,0.023,Mixed,Medium
CUST0002593,0.578,Mixed,Low
CUST0002454,0.99,Web,Medium
CUST0001139,0.738,Mixed,Low
CUST0002851,0.152,Web,Low
CUST0001089,0.087,Web,Low
CUST0001882,0.814,Mixed,Medium
CUST0001457,0.81,Mobile,Medium
CUST0001090,0.457,Mixed,Medium
CUST0002478,0.036,Mobile,High
CUST0002693,0.766,Mobile,Medium
CUST0000679,0.412,Mobile,Low
CUST0000079,0.816,Web,Medium
CUST0000733,0.144,Web,High
CUST0001459,0.463,Mobile,High
CUST0002453,0.526,Mobile,High
CUST0002548,0.37,Mobile,Medium
CUST0002465,0.99,Mixed,High
CUST0002583,0.763,Mobile,High
CUST0000072,0.83,Web,High
CUST0000166,0.241,Mobile,High
CUST0002479,0.385,Mixed,High
CUST0000769,0.111,Mixed,Medium
CUST0002858,0.998,Mobile,High
CUST0000324,0.258,Mobile,Medium
CUST0001998,0.101,Mixed,Low
CUST0002764,0.205,Mobile,Medium
CUST0001561,0.572,Mixed,Medium
CUST0001652,0.336,Mixed,High
CUST0000368,0.164,Web,High
CUST0000185,0.468,Mobile,High
CUST0002228,0.67,Web,Medium
CUST0001927,0.665,Web,Medium
CUST0000903,0.015,Mobile,High
CUST0000952,0.755,Web,Low
CUST0001959,0.241,Web,Low
CUST0002131,0.922,Web,Low
CUST0000751,0.138,Mixed,Low
CUST0001788,0.399,Web,High
CUST0000118,0.312,Mixed,High
CUST0000650,0.491,Mobile,Medium
CUST0000876,0.314,Mixed,Low
CUST0000676,0.771,Mobile,Medium
CUST0000643,0.382,Mobile,High
CUST0002381,0.35,Web,Medium
CUST0000397,0.971,Mobile,Medium
CUST0001200,0.403,Mixed,Low
CUST0002672,0.13,Mixed,Low
CUST0002691,0.268,Web,Low
CUST0001599,0.723,Web,Low
CUST0002033,0.262,Web,Medium
CUST0001666,0.68,Mobile,High
CUST0001981,0.915,Mobile,Low
CUST0001979,0.374,Mobile,High
CUST0000779,0.193,Mobile,Medium
CUST0002886,0.717,Web,Medium
CUST0002883,0.438,Mobile,Low
CUST0000608,0.046,Mixed,Medium
CUST0001412,0.578,Mixed,High
CUST0000751,0.58,Web,Low
CUST0000541,0.682,Web,High
CUST0000145,0.735,Mixed,Low
CUST0000991,0.646,Mobile,Low
CUST0002723,0.338,Mobile,Medium
CUST0001712,0.835,Web,Medium
CUST0001111,0.935,Web,High
CUST0002352,0.302,Mixed,Low
CUST0001017,0.282,Mixed,High
CUST0000961,0.513,Web,Low
CUST0002677,0.986,Mobile,Medium
CUST0001227,0.163,Mixed,Medium
CUST0001281,0.495,Mobile,Low
CUST0001671,0.194,Mobile,High
CUST0002637,0.41,Web,Medium
CUST0000374,0.379,Mobile,Low
CUST0001620,0.571,Web,Low
CUST0001734,0.035,Web,Low
CUST0001822,0.807,Mobile,Low
CUST0001905,0.709,Mixed,High
CUST0001606,1.0,Mobile,Low
CUST0000611,0.256,Web,High
CUST0002132,0.868,Mobile,High
CUST0000166,0.61,Mixed,High
CUST0002206,0.231,Mobile,High
CUST0000499,0.296,Mobile,Medium
CUST0001121,0.02,Web,High
CUST0000310,0.344,Mobile,High
CUST0002015,0.899,Mobile,High
CUST0001936,0.075,Mobile,Low
CUST0001296,0.928,Mixed,Medium
CUST0002331,0.38,Mobile,High
CUST0002660,0.741,Mobile,High
CUST0001814,0.659,Mobile,Medium
CUST0001070,0.672,Mixed,High
CUST0002433,0.548,Mobile,Low
CUST0000502,0.464,Mobile,Low
CUST0001948,0.928,Mobile,High
CUST0001697,0.68,Mixed,Low
CUST0002015,0.615,Web,Medium
CUST0000313,0.418,Web,Medium
CUST0000326,0.225,Web,High
CUST0001732,0.002,Mobile,Low
CUST0000954,0.981,Mixed,Low
CUST0000516,0.756,Web,High
CUST0001034,0.994,Mixed,Medium
CUST0000775,0.77,Mixed,High
CUST0000987,0.046,Mobile,High
CUST0002361,0.444,Mobile,High
CUST0002950,0.117,Mixed,Low
CUST0000420,0.801,Web,Medium
CUST0002139,0.186,Mixed,Low
CUST0001099,0.658,Web,Low
CUST0001034,0.659,Mixed,Low
CUST0000450,0.639,Web,High
CUST0000664,0.878,Web,Low
CUST0002403,0.726,Mixed,Medium
CUST0002978,0.327,Mixed,High
CUST0002482,0.315,Mixed,Medium
CUST0002689,0.022,Mixed,High
CUST0000411,0.908,Mixed,Low
CUST0002055,0.103,Web,Low
CUST0001266,0.479,Web,High
CUST0000500,0.509,Mixed,Medium
CUST0000230,0.448,Web,High
CUST0001793,0.574,Web,Medium
CUST0002336,0.729,Web,Low
CUST0000657,0.196,Web,Low
CUST0000274,0.074,Web,Low
CUST0002628,0.857,Web,High
CUST0000922,0.495,Mixed,Low
CUST0001348,0.127,Web,Low
CUST0001111,0.672,Mixed,Low
CUST0002953,0.223,Mobile,Medium
CUST0001101,0.082,Web,Low
CUST0001598,0.283,Mixed,Medium
CUST0000073,0.297,Web,Low
CUST0001092,0.868,Mobile,Low
CUST0002266,0.307,Mixed,Medium
CUST0002294,0.78,Mobile,Medium
CUST0002143,0.577,Mobile,Low
CUST0002738,0.095,Mobile,High
CUST0002867,0.156,Web,Medium
CUST0002050,0.08,Mixed,High
CUST0000494,0.401,Web,Medium
CUST0002880,0.97,Web,Medium
CUST0002732,0.181,Mobile,Low
CUST0000564,0.342,Web,High
CUST0000549,0.82,Mixed,High
CUST0000066,0.876,Mixed,Low
CUST0001116,0.735,Mobile,Low
CUST0001208,0.467,Web,Low
CUST0002247,0.649,Web,Medium
CUST0001703,0.45,Mobile,High
CUST0000744,0.849,Web,Low
CUST0000372,0.41,Mobile,Medium
CUST0002134,0.818,Web,Medium
CUST0001852,0.586,Mixed,Low
CUST0002360,0.521,Mobile,High
CUST0000420,0.656,Mobile,Low
CUST0000897,0.292,Web,Low
CUST0001577,0.392,Mixed,Medium
CUST0002147,0.805,Mixed,High
CUST0000159,0.384,Mobile,High
CUST0002465,0.654,Mobile,Low
CUST0001021,0.664,Mixed,High
CUST0001413,0.87,Web,Medium
CUST0000427,0.444,Mobile,Medium
CUST0000395,0.903,Web,Medium
CUST0001056,0.993,Web,Low
CUST0001409,0.169,Web,Medium
CUST0001067,0.715,Mixed,Low
CUST0002652,0.698,Web,High
CUST0001233,0.456,Web,High
CUST0000882,0.304,Mobile,Medium
CUST0002827,0.027,Mobile,Low
CUST0000283,0.636,Mixed,High
CUST0001100,0.316,Mobile,Medium
CUST0000351,0.552,Mobile,Medium
CUST0000547,0.122,Web,Low
CUST0002585,0.044,Mixed,High
CUST0000804,0.802,Mixed,Medium
CUST0000661,0.123,Mobile,High
CUST0002359,0.137,Mixed,Medium
CUST0002084,0.571,Mixed,Medium
CUST0001420,0.731,Mobile,High
CUST0001226,0.008,Mixed,Low
CUST0002586,0.442,Mixed,Low
CUST0001197,0.631,Mixed,Low
CUST0000985,0.738,Mobile,Low
CUST0001544,0.948,Mixed,Low
CUST0002891,0.016,Web,Low
CUST0001661,0.899,Web,Medium
CUST0001937,0.967,Mobile,Low
CUST0001446,0.866,Mobile,High
CUST0002287,0.949,Web,High
CUST0001705,0.119,Mixed,High
CUST0001423,0.992,Mobile,Medium
CUST0002643,0.765,Mobile,High
CUST0001619,0.069,Mixed,Medium
CUST0002557,0.679,Mobile,Low
CUST0000074,0.703,Mixed,Low
CUST0000796,0.629,Mobile,Medium
CUST0000485,0.875,Web,High
CUST0000675,0.749,Web,High
CUST0001061,0.162,Mobile,High
CUST0000667,0.25,Mixed,High
CUST0002821,0.463,Web,Low
CUST0002754,0.395,Web,Medium
CUST0001896,0.663,Mobile,High
CUST0000881,0.136,Web,Low
CUST0000757,0.354,Mixed,Low
CUST0002037,0.243,Mixed,High
CUST0001725,0.294,Web,Low
CUST0001663,0.711,Mobile,High
CUST0002529,0.08,Mixed,Medium
CUST0002934,0.887,Mixed,Medium
CUST0001504,0.641,Mixed,High
CUST0000828,0.412,Web,High
CUST0001568,0.486,Mixed,High
CUST0002448,0.698,Mixed,Low
CUST0002022,0.731,Web,High
CUST0002413,0.805,Web,Low
CUST0002348,0.264,Web,High
CUST0001239,0.858,Mobile,Medium
CUST0002394,0.831,Mobile,Medium
CUST0002170,0.855,Web,High
CUST0002375,0.081,Mobile,Low
CUST0000674,0.144,Mixed,Medium
CUST0002290,0.625,Mobile,Low
CUST0000970,0.953,Mobile,High
CUST0000632,0.11,Mixed,Low
CUST0001622,0.739,Web,Medium
CUST0000277,0.136,Mixed,Medium
CUST0002963,0.95,Mixed,Low
CUST0002612,0.8,Mixed,Low
CUST0001063,0.288,Web,High
CUST0001369,0.048,Mobile,Medium
CUST0000909,0.437,Mixed,High
CUST0000683,0.525,Mixed,High
CUST0000374,0.527,Mobile,High
CUST0001503,0.852,Mobile,Medium
CUST0001218,0.981,Mixed,Low
CUST0001132,0.432,Mixed,Medium
CUST0001965,0.164,Mixed,Medium
CUST0001668,0.377,Mobile,Low
CUST0000756,0.712,Mixed,High
CUST0001920,0.584,Web,Medium
CUST0001596,0.087,Mobile,Medium
CUST0001330,0.21,Web,Low
CUST0000343,0.694,Mobile,High
CUST0000017,0.698,Mixed,Medium
CUST0002723,0.609,Mobile,High
CUST0002568,0.294,Mobile,Medium
CUST0002616,0.163,Mixed,Low
CUST0001724,0.229,Mobile,Medium
CUST0000263,0.808,Mixed,Medium
CUST0001089,0.489,Mixed,High
CUST0000281,0.351,Mobile,High
CUST0000499,0.136,Web,Medium
CUST0001560,0.393,Mixed,High
CUST0002145,0.418,Mixed,Low
CUST0001632,0.886,Mixed,Medium
CUST0001373,0.94,Mixed,Medium
CUST0002625,0.839,Web,Medium
CUST0002696,0.388,Mixed,Medium
CUST0000173,0.559,Web,High
CUST0002461,0.841,Web,Low
CUST0002079,0.05,Mixed,Medium
CUST0001849,0.533,Mobile,Medium
CUST0002531,0.399,Web,High
CUST0002183,0.381,Mobile,High
CUST0000159,0.35,Mixed,High
CUST0000621,0.64,Mobile,Medium
CUST0000242,0.417,Mobile,High
CUST0001696,0.322,Mixed,Medium
CUST0002654,0.566,Mobile,High
CUST0001341,0.373,Mixed,High
CUST0002237,0.035,Mobile,Low
CUST0000448,0.418,Web,High
CUST0000266,0.196,Mixed,Medium
CUST0001434,0.1,Mobile,Low
CUST0001093,0.873,Web,Low
CUST0000599,0.692,Web,High
CUST0001121,0.381,Mobile,High
CUST0002302,0.985,Mobile,Low
CUST0002853,0.367,Mobile,Low
CUST0000926,0.244,Web,High
CUST0001322,0.474,Mixed,Low
CUST0002244,0.946,Mobile,Medium
CUST0000986,0.664,Web,Low
CUST0001886,0.731,Mobile,High
CUST0000931,0.165,Web,Medium
CUST0000650,0.04,Mobile,Medium
CUST0001743,0.537,Mobile,High
CUST0002517,0.33,Mobile,Low
CUST0001089,0.043,Mobile,High
CUST0002809,0.896,Mobile,Medium
CUST0000898,0.025,Mixed,Low
CUST0001417,0.013,Web,Medium
CUST0000593,0.299,Mobile,Low
CUST0001872,0.497,Mobile,High
CUST0001474,0.451,Mobile,Medium
CUST0002384,0.36,Web,High
CUST0001891,0.864,Web,Medium
CUST0000732,0.298,Mixed,Low
CUST0001267,0.653,Web,High
CUST0000653,0.399,Mobile,High
CUST0000262,0.389,Web,Medium
CUST0001433,0.933,Mobile,High
CUST0001471,0.697,Mixed,High
CUST0001211,0.538,Mixed,Low
CUST0000743,0.175,Mixed,High
CUST0000942,0.138,Mixed,High
CUST0002294,0.194,Mobile,Low
CUST0000911,0.627,Web,Medium
CUST0001366,0.056,Mobile,Low
CUST0002090,0.464,Mixed,Medium
CUST0000657,0.46,Mobile,High
CUST0000383,0.918,Mixed,Low
CUST0001047,0.37,Web,Medium
CUST0001442,0.897,Web,Low
CUST0001758,0.615,Mixed,High
CUST0002625,0.39,Web,Medium
CUST0000848,0.527,Web,Low
CUST0000624,0.094,Web,Medium
CUST0001006,0.89,Web,High
CUST0002810,0.631,Mobile,Low
CUST0001111,0.436,Web,Medium
CUST0000290,0.776,Mobile,Medium
CUST0001481,0.404,Mixed,Medium
CUST0000912,0.461,Mobile,High
CUST0001381,0.422,Web,Medium
CUST0001970,0.997,Mobile,Low
CUST0001648,0.77,Mixed,Low
CUST0002494,0.929,Mobile,High
CUST0001292,0.38,Mobile,High
CUST0001623,0.49,Web,Medium
CUST0000584,0.201,Mobile,High
CUST0001763,0.01,Mixed,Medium
CUST0002128,0.195,Web,Medium
CUST0000084,0.929,Web,High
CUST0002588,0.456,Mobile,Medium
CUST0001438,0.131,Mobile,Medium
CUST0002449,0.453,Mobile,Medium
CUST0002698,0.793,Web,Medium
CUST0000984,0.501,Mobile,Low
CUST0002551,0.937,Web,High
CUST0002399,0.898,Mixed,Low
CUST0002571,0.473,Web,Medium
CUST0002696,0.083,Web,High
CUST0001055,0.704,Web,High
CUST0000357,0.356,Mixed,High
CUST0000161,0.786,Web,Medium
CUST0002697,0.309,Mobile,High
CUST0002734,0.331,Mobile,High
CUST0001923,0.542,Web,Low
CUST0001521,0.025,Mobile,High
CUST0002317,0.17,Mobile,Low
CUST0001436,0.851,Mixed,Medium
CUST0000564,0.957,Mobile,High
CUST0000010,0.192,Mixed,Medium
CUST0000682,0.772,Mobile,Medium
CUST0002213,0.112,Web,High
CUST0000527,0.473,Web,Medium
CUST0002410,0.508,Mixed,Medium
CUST0000677,0.564,Mixed,High
CUST0000193,0.361,Mixed,High
CUST0001421,0.856,Mixed,High
CUST0000827,0.303,Web,Low
CUST0000488,0.485,Mobile,Medium
CUST0000286,0.194,Web,Medium
CUST0001268,0.573,Mixed,Low
CUST0000835,0.197,Mobile,Medium
CUST0001300,0.242,Web,High
CUST0001123,0.437,Mobile,High
CUST0001307,0.278,Web,Medium
CUST0002928,0.04,Mobile,Medium
CUST0002157,0.796,Mixed,Medium
CUST0002291,0.82,Mobile,High
CUST0001065,0.901,Mixed,Medium
CUST0001248,0.98,Web,Medium
CUST0002099,0.113,Web,High
CUST0001377,0.275,Mobile,High
CUST0002128,0.631,Mobile,High
CUST0001565,0.876,Mixed,Medium
CUST0000347,0.162,Mobile,Medium
CUST0001759,0.484,Mobile,Low
CUST0002099,0.979,Mobile,Low
CUST0001339,0.331,Mobile,High
CUST0000600,0.491,Mobile,High
CUST0000896,0.694,Mobile,High
CUST0002697,0.422,Mobile,Medium
CUST0001133,0.718,Mixed,Low
CUST0000454,0.148,Mixed,High
CUST0001310,0.231,Mobile,Medium
CUST0000090,0.387,Web,Medium
CUST0001320,0.984,Web,Medium
CUST0001543,0.349,Mobile,Medium
CUST0002504,0.916,Mobile,Medium
CUST0001163,0.875,Mobile,Low
CUST0001539,0.756,Mixed,Medium
CUST0001924,0.37,Mobile,High
CUST0001789,0.33,Mixed,High
CUST0001249,0.64,Web,High
CUST0001797,0.233,Mixed,High
CUST0000674,0.361,Mixed,High
CUST0001678,0.815,Web,Medium
CUST0001421,0.211,Mixed,Low
CUST0000445,0.828,Mixed,High
CUST0002481,0.552,Mobile,Low
CUST0000045,0.512,Web,Medium
CUST0001304,0.614,Mixed,Low
CUST0002270,0.631,Mobile,Medium
CUST0001215,0.558,Web,Medium
CUST0001995,0.701,Web,High
CUST0001545,0.358,Web,High
CUST0002751,0.811,Web,High
CUST0002360,0.221,Mixed,High
CUST0000333,0.714,Web,Low
CUST0001357,0.385,Web,Low
CUST0000199,0.695,Web,Medium
CUST0000511,0.032,Mixed,Low
CUST0000128,0.39,Mobile,Medium
CUST0001066,0.963,Mixed,Medium
CUST0002561,0.573,Mixed,Medium
CUST0001088,0.499,Mixed,Medium
CUST0002632,0.247,Web,High
CUST0002885,0.491,Mobile,Medium
CUST0002454,0.823,Web,High
CUST0000964,0.338,Mobile,Medium
CUST0000506,0.565,Mobile,High
CUST0002216,0.674,Mixed,High
CUST0002478,0.401,Mixed,Low
CUST0000575,0.283,Mixed,Low
CUST0001885,0.156,Mobile,Medium
CUST0001799,0.101,Mobile,High
CUST0000216,0.241,Mixed,Medium
CUST0001583,0.02,Mixed,Low
CUST0002538,0.76,Mixed,Medium
CUST0002913,0.112,Mobile,Low
CUST0002920,0.899,Mobile,High
CUST0001734,0.511,Mixed,High
CUST0002184,0.457,Mobile,High
CUST0000690,0.065,Mobile,High
CUST0000886,0.133,Web,Medium
CUST0000590,0.857,Mixed,High
CUST0001165,0.673,Web,Low
CUST0002866,0.095,Mixed,Medium
CUST0002894,0.681,Mobile,Low
CUST0002211,0.131,Mobile,Low
CUST0002073,0.733,Mobile,High
CUST0002493,0.945,Mixed,Medium
CUST0000031,0.758,Mobile,Low
CUST0001783,0.824,Mobile,High
CUST0000561,0.621,Mobile,High
CUST0000683,0.004,Web,Medium
CUST0002349,0.785,Mobile,Medium
CUST0002676,0.404,Web,High
CUST0002260,0.873,Mobile,Medium
CUST0001514,0.573,Mobile,Medium
CUST0001381,0.192,Mobile,High
CUST0001031,0.055,Mixed,Medium
CUST0001226,0.555,Mobile,Medium
CUST0000646,0.567,Mobile,High
CUST0001241,0.86,Web,High
CUST0000454,0.039,Mobile,Low
CUST0002349,0.821,Mixed,High
CUST0002742,0.406,Mobile,Low
CUST0002684,0.528,Mixed,Medium
CUST0001169,0.533,Web,High
CUST0000343,0.382,Web,Medium
CUST0002461,0.186,Mixed,High
CUST0000704,0.079,Mixed,High
CUST0002659,0.207,Mixed,High
CUST0000632,0.714,Mixed,Low
CUST0002919,0.682,Mixed,High
CUST0002164,0.675,Mixed,High
CUST0001428,0.908,Mobile,Low
CUST0002842,0.457,Mixed,High
CUST0002525,0.759,Mobile,Low
CUST0001949,0.668,Web,Medium
CUST0000383,0.937,Mixed,Low
CUST0001186,0.67,Web,Medium
CUST0000517,0.18,Mobile,High
CUST0001229,0.744,Mixed,Low
CUST0002438,0.358,Mobile,Medium
CUST0002528,0.255,Mixed,Medium
CUST0002020,0.278,Mixed,Low
CUST0002337,0.825,Mixed,High
CUST0002731,0.453,Mixed,Medium
CUST0000955,0.469,Mobile,Low
CUST0001825,0.011,Mobile,Medium
CUST0001235,0.27,Web,Medium
CUST0001897,0.883,Mixed,Low
CUST0001170,0.498,Web,Low
CUST0002190,0.416,Web,High
CUST0001941,0.074,Web,High
CUST0002983,0.293,Mobile,Medium
CUST0001183,0.131,Web,High
CUST0000081,0.164,Mixed,Medium
CUST0001159,0.339,Mixed,Low
CUST0001365,0.067,Mixed,Low
CUST0001095,0.778,Web,High
CUST0002390,0.622,Web,Medium
CUST0002326,0.8,Web,High
CUST0000092,0.348,Mixed,Medium
CUST0000191,0.222,Mobile,Medium
CUST0001256,0.59,Web,Low
CUST0001280,0.022,Mobile,Low
CUST0000569,0.089,Web,Medium
CUST0002782,0.741,Mobile,High
CUST0002221,0.887,Mixed,High
CUST0001005,0.205,Mixed,High
CUST0000464,0.791,Web,Medium
CUST0002517,0.384,Web,Medium
CUST0001549,0.416,Mixed,Medium
CUST0001519,0.884,Mobile,Low
CUST0000964,0.621,Mobile,Medium
CUST0001630,0.812,Mixed,High
CUST0001166,0.776,Web,Medium
CUST0000293,0.574,Web,Medium
CUST0001787,0.748,Web,Low
CUST0001497,0.708,Mixed,Low
CUST0000347,0.48,Web,Low
CUST0001294,0.152,Web,Low
CUST0000450,0.266,Mobile,High
CUST0000706,0.376,Mixed,Medium
CUST0000673,0.587,Web,Medium
CUST0002946,0.298,Mixed,Low
CUST0001717,0.205,Mobile,High
CUST0002103,0.036,Mixed,High
CUST0001531,0.213,Mixed,Low
CUST0002221,0.539,Mobile,Low
CUST0001829,0.14,Mixed,Low
CUST0002778,0.029,Web,Medium
CUST0002902,0.075,Mixed,Low
CUST0000639,0.952,Web,Medium
CUST0001022,0.035,Mobile,Low
CUST0000647,0.472,Web,Low
CUST0001165,0.688,Web,High
CUST0002096,0.223,Mobile,High
CUST0002716,0.964,Web,Medium
CUST0000429,0.023,Web,Medium
CUST0002264,0.88,Mixed,High
CUST0002723,0.391,Web,High
CUST0001149,0.384,Mobile,Medium
CUST0000511,0.472,Mixed,High
CUST0002981,0.971,Mixed,Medium
CUST0001161,0.628,Web,Low
CUST0000882,0.879,Mixed,High
CUST0001154,0.028,Mobile,Medium
CUST0002490,0.897,Mobile,Low
CUST0000278,0.213,Web,High
CUST0000510,0.315,Web,Medium
CUST0000485,0.074,Mobile,Medium
CUST0000280,0.915,Mobile,Medium
CUST0002785,0.526,Mobile,Medium
CUST0000913,0.09,Mixed,High
CUST0002234,0.397,Web,Low
CUST0001087,0.381,Web,Medium
CUST0000191,0.051,Mobile,Medium
CUST0001388,0.348,Mobile,High
CUST0001395,0.293,Web,Low
CUST0001836,0.919,Mixed,High
CUST0002754,0.807,Web,High
CUST0000229,0.16,Web,High
CUST0000348,0.932,Web,High
CUST0000463,0.743,Mobile,Medium
CUST0001176,0.491,Web,Medium
CUST0000840,0.433,Web,High
CUST0000710,0.927,Web,Low
CUST0000435,0.306,Web,Low
CUST0002168,0.371,Mixed,High
CUST0002302,0.691,Mixed,Medium
CUST0001229,0.759,Mobile,Medium
CUST0000988,0.327,Web,Low
CUST0002410,0.922,Mobile,Low
CUST0001924,0.256,Web,High
CUST0001914,0.347,Mobile,Low
CUST0001695,0.197,Web,Medium
CUST0000286,0.537,Mixed,Low
CUST0001576,0.999,Mixed,Low
CUST0001262,0.718,Web,Medium
CUST0000629,0.471,Mobile,High
CUST0000556,0.983,Web,Low
CUST0000732,0.049,Web,Medium
CUST0000674,0.286,Web,High
CUST0000167,0.838,Mixed,Low
CUST0002692,0.524,Mobile,Low
CUST0001240,0.005,Mixed,High
CUST0001435,0.457,Web,Low
CUST0000298,0.022,Mobile,High
CUST0002934,0.573,Mobile,Medium
CUST0000855,0.633,Mixed,High
CUST0001642,0.201,Web,High
CUST0001147,0.986,Web,Low
CUST0000565,0.834,Mobile,High
CUST0001668,0.464,Mixed,Low
CUST0001683,0.31,Mixed,High
CUST0001351,0.012,Web,Medium
CUST0001057,0.693,Mixed,Medium
CUST0000590,0.263,Mobile,High
CUST0002941,0.395,Web,High
CUST0002893,0.429,Mobile,Low
CUST0000454,0.854,Mixed,Medium
CUST0002643,0.851,Web,Low
CUST0002238,0.776,Mobile,Low
CUST0000995,0.767,Web,Low
CUST0002033,0.495,Web,Medium
CUST0000883,0.791,Mobile,High
CUST0000560,0.858,Web,Medium
CUST0001785,0.498,Web,Low
CUST0000346,0.9,Web,Low
CUST0000580,0.99,Mobile,Low
CUST0000860,0.175,Mobile,Low
CUST0001435,0.979,Web,High
CUST0002931,0.246,Mobile,Low
CUST0001196,0.934,Web,High
CUST0002375,0.851,Mixed,High
CUST0001337,0.916,Mixed,Low
CUST0001417,0.461,Mixed,Low
CUST0000354,0.151,Mobile,High
CUST0001015,0.223,Web,High
CUST0002312,0.305,Mobile,Low
CUST0000696,0.25,Mixed,Medium
CUST0000522,0.967,Mixed,Low
CUST0002753,0.156,Web,Medium
CUST0000256,0.686,Web,High
CUST0001069,0.512,Web,Medium
CUST0000785,0.034,Mobile,Low
CUST0000082,0.212,Mobile,High
CUST0001250,0.934,Web,High
CUST0000995,0.817,Mobile,High
CUST0002176,0.586,Mobile,Medium
CUST0001347,0.077,Mixed,Medium
CUST0000844,0.139,Mixed,High
CUST0000676,0.731,Web,Medium
CUST0001033,0.757,Web,Low
CUST0000163,0.958,Web,Medium
CUST0000963,0.206,Mixed,High
CUST0002777,0.649,Mobile,Low
CUST0000118,0.431,Mobile,High
CUST0001882,0.114,Mixed,High
CUST0002149,0.336,Web,Low
CUST0002672,0.367,Web,High
CUST0000859,0.453,Web,Low
CUST0000412,0.293,Web,Medium
CUST0001850,0.553,Mobile,Low
CUST0002515,0.606,Web,Medium
CUST0000571,0.413,Mixed,Low
CUST0002969,0.373,Web,Low
CUST0000994,0.656,Mobile,High
CUST0000015,0.054,Web,Medium
CUST0001168,0.866,Web,Low
CUST0000823,0.975,Mobile,Low
CUST0000250,0.055,Mixed,High
CUST0000388,0.709,Mobile,High
CUST0002330,0.252,Mobile,Medium
CUST0002799,0.43,Web,High
CUST0001465,0.271,Mobile,Low
CUST0001919,0.214,Web,Low
CUST0002432,0.441,Mobile,Low
CUST0000047,0.372,Mobile,High
CUST0000944,0.426,Web,Medium
CUST0000604,0.808,Mobile,Low
CUST0001062,0.979,Mobile,High
CUST0002660,0.143,Web,Low
CUST0001086,0.744,Mobile,High
CUST0000573,0.549,Mobile,Medium
CUST0002762,0.373,Web,High
CUST0002166,0.661,Mobile,Medium
CUST0000481,0.882,Mixed,Medium
CUST0001032,0.642,Mobile,High
CUST0001130,0.704,Mobile,Medium
CUST0000292,0.148,Mobile,High
CUST0002005,0.713,Web,Low
CUST0002616,0.986,Web,Medium
CUST0000532,0.96,Mixed,Low
CUST0002231,0.409,Web,Low
CUST0000930,0.882,Mixed,Medium
CUST0001638,0.591,Mobile,High
CUST0001899,0.118,Mobile,High
CUST0002396,0.978,Mobile,High
CUST0002336,0.613,Mobile,High
CUST0000204,0.106,Mixed,Low
CUST0001737,0.572,Mixed,High
CUST0000335,0.721,Mobile,Medium
CUST0001236,0.237,Mobile,Low
CUST0002730,0.682,Web,High
CUST0000143,0.966,Mobile,Low
CUST0002141,0.232,Mixed,Medium
CUST0000122,0.491,Mixed,Medium
CUST0000725,0.314,Web,High
CUST0000394,0.388,Mobile,Medium
CUST0001464,0.837,Web,Low
CUST0000885,0.824,Mixed,Medium
CUST0001973,0.008,Web,High
CUST0002298,0.122,Web,Low
CUST0001641,0.349,Mixed,High
CUST0002874,0.303,Mobile,Low
CUST0000469,0.094,Web,High
CUST0001891,0.688,Web,Medium
CUST0000492,0.643,Mixed,Medium
CUST0000465,0.248,Mixed,High
CUST0001786,0.362,Web,High
CUST0002156,0.488,Mixed,High
CUST0001086,0.045,Mobile,High
CUST0002105,0.155,Web,High
CUST0002811,0.647,Mobile,Medium
CUST0000959,0.486,Mixed,High
CUST0002180,0.6,Mobile,Low
CUST0001102,0.973,Mobile,Low
CUST0000872,0.756,Web,Medium
CUST0001442,0.968,Mixed,High
CUST0001824,0.591,Mixed,Medium
CUST0002894,0.001,Mobile,Medium
CUST0000996,0.094,Web,High
CUST0001186,0.697,Web,Low
CUST0001832,0.305,Mobile,Low
CUST0002595,0.414,Web,High
CUST0000527,0.675,Web,High
CUST0002867,0.333,Mixed,High
CUST0001044,0.874,Mixed,High
CUST0002524,0.387,Mixed,High
CUST0001062,0.044,Mixed,Low
CUST0001685,0.984,Web,Medium
CUST0001240,0.49,Mobile,Medium
CUST0002058,0.351,Web,Low
CUST0000100,0.899,Mobile,High
CUST0001462,0.861,Mobile,High
CUST0001417,0.038,Mobile,Medium
CUST0002774,0.808,Web,High
CUST0001962,0.49,Mobile,Medium
CUST0000101,0.673,Mixed,Low
CUST0000151,0.146,Web,Low
CUST0002090,0.667,Mobile,Medium
CUST0000962,0.23,Mobile,High
CUST0002067,0.117,Mobile,Medium
CUST0002964,0.135,Mixed,Medium
CUST0001436,0.3,Mixed,Low
CUST0002553,0.992,Mixed,Medium
CUST0000124,0.054,Mixed,Low
CUST0002561,0.331,Mixed,Low
CUST0001419,0.525,Web,Low
CUST0002748,0.207,Web,Medium
CUST0002719,0.962,Mixed,Medium
CUST0002125,0.461,Mobile,High
CUST0000920,0.693,Web,High
CUST0000530,0.36,Mixed,Low
CUST0000186,0.194,Mixed,High
CUST0000503,0.304,Mixed,High
CUST0002833,0.28,Mobile,Low
CUST0002350,0.848,Web,Low
CUST0000112,0.015,Web,Medium
CUST0002014,0.894,Mixed,Low
CUST0002067,0.393,Web,High
CUST0001932,0.617,Mobile,High
CUST0002028,0.806,Mobile,High
CUST0002354,0.461,Web,Medium
CUST0000962,0.093,Mobile,High
CUST0002452,0.542,Mixed,Medium
CUST0002566,0.122,Mixed,High
CUST0001415,0.825,Mixed,Medium
CUST0000352,0.648,Mobile,High
CUST0002359,0.592,Mixed,Medium
CUST0002529,0.0,Web,High
CUST0001994,0.96,Mobile,Low
CUST0001148,0.13,Web,Low
CUST0000877,0.183,Mixed,Medium
CUST0002921,0.986,Mobile,Medium
CUST0002575,0.09,Mobile,High
CUST0002911,0.742,Web,Medium
CUST0000285,0.095,Web,Medium
CUST0001874,0.733,Web,Medium
CUST0002247,0.889,Web,High
CUST0001826,0.35,Mobile,High
CUST0001492,0.312,Mixed,Low
CUST0000093,0.933,Web,Low
CUST0000549,0.075,Mobile,High
CUST0001728,0.348,Web,Low
CUST0002143,0.653,Mixed,Low
CUST0000403,0.687,Mixed,Medium
CUST0002119,0.453,Web,Low
CUST0001542,0.854,Web,High
CUST0000759,0.849,Mobile,High
CUST0000355,0.817,Mobile,Medium
CUST0000567,0.171,Mobile,Low
CUST0000807,0.647,Web,Low
CUST0000098,0.851,Web,High
CUST0002308,0.094,Web,Low
CUST0001825,0.245,Mixed,Medium
CUST0002283,0.978,Mixed,Medium
CUST0000322,0.462,Web,Low
CUST0002946,0.53,Mobile,Medium
CUST0002446,0.35,Mobile,Low
CUST0000690,0.392,Web,Medium
CUST0000220,0.895,Mobile,Low
CUST0002983,0.209,Web,High
CUST0002710,0.279,Mixed,Medium
CUST0000810,0.501,Mobile,Medium
CUST0001505,0.311,Mixed,Medium
CUST0000742,0.893,Mixed,Low
CUST0001268,0.633,Web,High
CUST0000441,0.504,Mixed,Low
CUST0002766,0.604,Mobile,Low
CUST0001289,0.02,Web,Low
CUST0001791,0.742,Web,Medium
CUST0000856,0.335,Mobile,Low
CUST0002077,0.608,Mixed,Medium
CUST0000965,0.832,Web,Low
CUST0000426,0.345,Web,Medium
CUST0000828,0.037,Web,High
CUST0002471,0.001,Mobile,Medium
CUST0001883,0.86,Mobile,Medium
CUST0002504,0.547,Web,High
CUST0001340,0.65,Web,Low
CUST0001973,0.597,Mobile,Medium
CUST0001868,0.169,Mixed,Medium
CUST0002696,0.038,Web,Medium
CUST0000106,0.243,Mobile,High
CUST0001641,0.991,Mixed,Medium
CUST0000149,0.418,Mixed,Medium
CUST0002744,0.925,Mobile,High
CUST0001712,0.26,Web,Low
CUST0001327,0.715,Mobile,High
CUST0000777,0.026,Mobile,Low
CUST0002126,0.013,Mixed,High
CUST0000897,0.466,Web,Medium
CUST0002871,0.649,Mixed,High
CUST0001311,0.962,Mobile,Low
CUST0001872,0.03,Mobile,Low
CUST0000999,0.988,Web,Low
CUST0000091,0.472,Mobile,Medium
CUST0000395,0.766,Mobile,High
CUST0002370,0.646,Mixed,Medium
CUST0000444,0.248,Web,Medium
CUST0002079,0.333,Mobile,Low
CUST0001202,0.591,Web,Low
CUST0001340,0.096,Web,High
CUST0000984,0.775,Mixed,Low
CUST0001703,0.8,Mixed,Low
CUST0000899,0.821,Mobile,Medium
CUST0000954,0.849,Mobile,High
CUST0002590,0.689,Web,Low
CUST0001091,0.744,Mixed,Low
CUST0000186,0.589,Mobile,Medium
CUST0002125,0.227,Web,Low
CUST0002229,0.083,Web,Low
CUST0002574,0.179,Mixed,High
CUST0000138,0.193,Mobile,Medium
CUST0001486,0.758,Mobile,Medium
CUST0002001,0.948,Mobile,Low
CUST0000703,0.814,Mixed,Medium
CUST0000573,0.992,Web,Medium
CUST0000174,0.044,Mobile,High
CUST0000293,0.032,Mixed,Medium
CUST0000789,0.684,Mobile,High
CUST0001427,0.026,Mobile,High
CUST0001824,0.891,Mixed,Low
CUST0000207,0.472,Mobile,Medium
CUST0002025,0.924,Mobile,Low
CUST0002302,0.25,Web,Medium
CUST0002840,0.642,Mixed,Medium
CUST0000969,0.699,Mobile,Medium
CUST0001354,0.287,Web,High
CUST0001968,0.367,Mobile,Medium
CUST0000424,0.551,Mobile,Medium
CUST0001159,0.384,Web,High
CUST0002606,0.492,Mobile,Low
CUST0002418,0.456,Web,Low
CUST0002011,0.666,Web,High
CUST0000126,0.081,Web,Medium
CUST0001423,0.957,Mobile,Low
CUST0000725,0.103,Mixed,High
CUST0000087,0.338,Mixed,High
CUST0002289,0.009,Mobile,Medium
CUST0001274,0.816,Web,Low
CUST0002758,0.113,Mixed,High
CUST0002070,0.278,Web,Medium
CUST0000028,0.452,Mixed,High
CUST0001462,0.844,Mobile,High
CUST0000019,0.767,Mixed,High
CUST0001137,0.15,Mobile,Low
CUST0001927,0.447,Web,Low
CUST0000207,0.333,Web,Low
CUST0000928,0.948,Mobile,Low
CUST0000662,0.856,Mixed,Medium
CUST0000302,0.15,Web,High
CUST0002901,0.43,Mobile,High
CUST0002771,0.445,Mobile,High
CUST0002559,0.961,Mixed,High
CUST0000653,0.795,Mixed,Low
CUST0002326,0.809,Mobile,Low
CUST0002186,0.368,Mixed,High
CUST0000366,0.696,Mobile,Low
CUST0002553,0.32,Web,Low
CUST0002328,0.825,Mobile,Low
CUST0000446,0.96,Mixed,Low
CUST0002045,0.61,Mixed,High
CUST0001096,0.529,Mixed,Medium
CUST0000456,0.872,Mixed,High
CUST0002161,0.905,Mobile,Medium
CUST0000433,0.09,Mobile,High
CUST0000231,0.697,Mobile,Medium
CUST0002610,0.628,Mobile,Low
CUST0002963,0.21,Mixed,Low
CUST0002282,0.125,Web,High
CUST0002002,0.285,Web,Medium
CUST0002618,0.169,Mixed,Medium
CUST0002789,0.243,Web,High
CUST0001888,0.918,Mobile,Low
CUST0000072,0.916,Web,Low
CUST0002912,0.254,Mobile,Medium
CUST0002956,0.202,Mobile,Medium
CUST0001110,0.455,Mobile,Medium
CUST0001197,0.664,Mixed,Low
CUST0000026,0.138,Mobile,High
CUST0002641,0.817,Mixed,Medium
CUST0000874,0.074,Mixed,Medium
CUST0002018,0.113,Web,High
CUST0001439,0.636,Web,Low
CUST0002130,0.204,Web,Medium
CUST0002900,0.229,Mixed,Low
CUST0002420,0.876,Mixed,Medium
CUST0000917,0.364,Mobile,High
CUST0001578,0.921,Mixed,High
CUST0002366,0.109,Mobile,Medium
CUST0000747,0.932,Web,High
CUST0000030,0.915,Mixed,High
CUST0000061,0.54,Mobile,Medium
CUST0001828,0.758,Mobile,Medium
CUST0000567,0.437,Mixed,Low
CUST0002308,0.766,Web,Low
CUST0002831,0.243,Mobile,Low
CUST0002672,0.903,Mixed,Low
CUST0001223,0.788,Mixed,High
CUST0000096,0.733,Mobile,Low
CUST0001849,0.805,Mobile,Medium
CUST0002367,0.345,Mobile,Medium
CUST0000845,0.19,Mixed,Low
CUST0001344,0.355,Mixed,Medium
CUST0001169,0.039,Mixed,Low
CUST0002869,0.27,Web,Medium
CUST0002790,0.607,Web,Medium
CUST0000070,0.847,Mixed,High
CUST0002555,0.93,Mobile,High
CUST0001074,0.722,Mixed,Low
CUST0002884,0.892,Mixed,High
CUST0001096,0.291,Web,High
CUST0002806,0.678,Mixed,High
CUST0001950,0.977,Mobile,Low
CUST0001495,0.611,Web,Low
CUST0001432,0.428,Mixed,Medium
CUST0000520,0.263,Web,High
CUST0000441,0.315,Mobile,Medium
CUST0001817,0.202,Mobile,Medium
CUST0001954,0.703,Mixed,Medium
CUST0002329,0.724,Mixed,Low
CUST0001097,0.78,Web,Low
CUST0002017,0.467,Mobile,High
CUST0001222,0.138,Mixed,Medium
CUST0001414,0.422,Mobile,Medium
CUST0001490,0.749,Mixed,Low
CUST0002027,0.856,Mixed,High
CUST0001127,0.081,Mobile,Medium
CUST0002266,0.244,Mixed,High
CUST0001828,0.962,Mixed,High
CUST0001060,0.432,Mixed,Medium
CUST0001227,0.071,Mixed,Low
CUST0000658,0.204,Mixed,Low
CUST0002063,0.828,Mixed,Low
CUST0000768,0.759,Mixed,High
CUST0002393,0.217,Mixed,Low
CUST0000272,0.102,Web,Low
CUST0002124,0.079,Mixed,Medium
CUST0000014,0.5,Mixed,High
CUST0001718,0.696,Web,High
CUST0000058,0.324,Web,High
CUST0002765,0.086,Mobile,High
CUST0001022,0.492,Mobile,High
CUST0001255,0.219,Mobile,Low
CUST0000484,0.181,Mobile,Medium
CUST0002729,0.775,Web,High
CUST0001757,0.604,Mobile,Low
CUST0000795,0.315,Mixed,Low
CUST0002253,0.461,Web,Medium
CUST0002110,0.224,Mixed,Low
CUST0000977,0.562,Mobile,High
CUST0002972,0.757,Mobile,Low
CUST0002452,0.428,Mixed,High
CUST0000055,0.384,Mobile,Medium
CUST0000307,0.252,Mobile,Medium
CUST0000629,0.323,Mobile,Medium
CUST0001093,0.36,Mobile,Low
CUST0001880,0.313,Mixed,Low
CUST0000201,0.09,Mobile,Low
CUST0000097,0.148,Web,Low
CUST0002466,0.996,Mixed,Medium
CUST0000750,0.363,Mixed,Medium
CUST0000411,0.805,Web,Medium
CUST0000613,0.717,Mobile,High
CUST0000609,0.564,Mixed,High
CUST0001392,0.45,Web,High
CUST0002342,0.665,Web,Low
CUST0002333,0.584,Web,High
CUST0000803,0.734,Mixed,Medium
CUST0001300,0.994,Web,Low
CUST0001683,0.315,Web,Low
CUST0002329,0.334,Web,High
CUST0000605,0.689,Mixed,Low
CUST0001306,0.845,Web,Low
CUST0002926,0.19,Mixed,High
CUST0001971,0.855,Mixed,Medium
CUST0000194,0.896,Web,Medium
CUST0002749,0.395,Mobile,Medium
CUST0000911,0.267,Mixed,High
CUST0002605,0.401,Web,Low
CUST0001798,0.187,Mixed,High
CUST0000698,0.059,Web,Low
CUST0001921,0.797,Web,Medium
CUST0000043,0.57,Mobile,Medium
CUST0001808,0.494,Mixed,High
CUST0000014,0.214,Mixed,Medium
CUST0000019,0.552,Mixed,High
CUST0000051,0.402,Mixed,Medium
CUST0002352,0.506,Web,Medium
CUST0001676,0.091,Mixed,Medium
CUST0002758,0.923,Mobile,High
CUST0000291,0.764,Mixed,Medium
CUST0001222,0.741,Web,High
CUST0001542,0.582,Web,High
CUST0000355,0.228,Web,Low
CUST0001260,0.104,Web,Medium
CUST0000267,0.361,Web,Low
CUST0001958,0.413,Mixed,Low
CUST0001562,0.761,Mixed,High
CUST0000924,0.148,Web,Medium
CUST0001608,0.817,Web,Low
CUST0000089,0.443,Mixed,Medium
CUST0001107,0.8,Web,Medium
CUST0002000,0.495,Web,High
CUST0001842,0.052,Mobile,High
CUST0001978,0.608,Mobile,Low
CUST0001562,0.427,Mobile,Low
CUST0001807,0.459,Mobile,High
CUST0002508,0.783,Web,Low
CUST0001304,0.223,Web,Low
CUST0002893,0.026,Web,Medium
CUST0002235,0.286,Web,Low
CUST0001849,0.155,Mobile,Low
CUST0001425,0.344,Mixed,Low
CUST0001997,0.208,Web,High
CUST0002539,0.097,Web,Medium
CUST0001665,0.828,Mixed,Low
CUST0000139,0.209,Mixed,High
CUST0000276,0.364,Mixed,Medium
CUST0001567,0.002,Mobile,High
CUST0000611,0.772,Web,High
CUST0000447,0.463,Mobile,Medium
CUST0000355,0.865,Mobile,Medium
CUST0002844,0.053,Mixed,High
CUST0000947,0.164,Mixed,High
CUST0001077,0.258,Mobile,Low
CUST0001140,0.888,Mixed,High
CUST0001001,0.354,Mixed,Medium
CUST0001324,0.187,Mixed,Medium
CUST0001232,0.801,Mobile,Medium
CUST0001777,0.302,Mobile,Medium
CUST0000109,0.35,Web,High
CUST0001804,0.655,Mixed,High
CUST0002204,0.384,Mobile,Medium
CUST0001013,0.016,Mixed,Medium
CUST0001999,0.989,Web,Medium
CUST0000584,0.239,Web,Low
CUST0001759,0.244,Web,High
CUST0002809,0.134,Web,Medium
CUST0001134,0.158,Web,High
CUST0000030,0.502,Mixed,Low
CUST0001443,0.94,Web,High
CUST0000358,0.697,Mobile,Low
CUST0000597,0.658,Mixed,High
CUST0001405,0.361,Mixed,Low
CUST0002896,0.813,Web,High
CUST0000776,0.473,Web,Low
CUST0000731,0.458,Mixed,Medium
CUST0001152,0.995,Mobile,Medium
CUST0000289,0.609,Mixed,High
CUST0001100,0.868,Web,Low
CUST0000299,0.525,Web,Medium
CUST0001581,0.162,Mobile,High
CUST0000746,0.987,Mobile,Low
CUST0002519,0.656,Mobile,Low
CUST0002798,0.149,Web,Low
CUST0002542,0.74,Mobile,Low
CUST0000115,0.439,Mobile,High
CUST0000164,0.822,Web,Low
CUST0002841,0.277,Mixed,Low
CUST0002261,0.942,Mobile,Medium
CUST0000293,0.297,Mobile,Low
CUST0001145,0.997,Web,Low
CUST0000396,0.7,Web,Low
CUST0001952,0.971,Mobile,Low
CUST0001969,0.724,Web,High
CUST0002470,0.754,Mobile,High
CUST0001592,0.121,Web,High
CUST0001985,0.015,Mixed,Medium
CUST0001405,0.086,Web,Low
CUST0002330,0.437,Mixed,High
CUST0002617,0.402,Web,High
CUST0000910,0.184,Web,Medium
CUST0000440,0.043,Web,Medium
CUST0002374,0.692,Mixed,Low
CUST0000297,0.198,Mixed,Low
CUST0002099,0.979,Mobile,Low
CUST0002516,0.103,Web,High
CUST0001475,0.364,Mobile,Medium
CUST0000501,0.479,Mixed,High
CUST0002923,0.218,Mobile,Low
CUST0000524,0.503,Mobile,High
CUST0000097,0.124,Web,Medium
CUST0002993,0.002,Web,High
CUST0002034,0.698,Mixed,Low
CUST0001645,0.835,Mobile,Low
CUST0002817,0.575,Mixed,Low
CUST0002707,0.229,Web,Low
CUST0001730,0.395,Mixed,Medium
CUST0000442,0.626,Web,Medium
CUST0000343,0.033,Mixed,Low
CUST0002632,0.094,Web,Medium
CUST0000126,0.958,Web,Low
CUST0001284,0.679,Mixed,High
CUST0000904,0.697,Mixed,High
CUST0000539,0.103,Web,High
CUST0001562,0.233,Mixed,Medium
CUST0002401,0.391,Mobile,Low
CUST0002859,0.205,Mobile,High
CUST0002925,0.809,Mobile,Medium
CUST0002032,0.606,Mixed,Medium
CUST0002088,0.197,Web,Medium
CUST0002499,0.771,Mixed,Medium
CUST0002761,0.541,Mobile,Low
CUST0000202,0.208,Mixed,Medium
CUST0002589,0.843,Web,Medium
CUST0001271,0.21,Mobile,Low
CUST0002430,0.691,Mixed,Low
CUST0001962,0.4,Web,High
CUST0000242,0.749,Web,Low
CUST0002295,0.423,Mixed,Medium
CUST0000963,0.287,Mixed,High
CUST0001854,0.961,Web,Low
CUST0001435,0.759,Web,Low
CUST0000096,0.828,Mobile,High
CUST0000106,0.313,Web,Low
CUST0000221,0.348,Mixed,High
CUST0001199,0.173,Mobile,Medium
CUST0002525,0.447,Mixed,Low
CUST0001562,0.997,Mobile,Medium
CUST0002953,0.589,Mixed,High
CUST0001627,0.724,Mobile,Low
CUST0001403,0.737,Mobile,Low
CUST0000396,0.203,Mixed,Medium
CUST0000528,0.056,Web,High
CUST0002863,0.122,Mobile,Low
CUST0002611,0.72,Mixed,Medium
CUST0000487,0.456,Mobile,Medium
CUST0001646,0.905,Mobile,Low
CUST0002114,0.367,Mobile,Low
CUST0001598,0.103,Mixed,High
CUST0000071,0.968,Web,Low
CUST0002952,0.401,Mobile,High
CUST0002566,0.848,Web,High
CUST0002680,0.046,Mobile,High
CUST0001023,0.359,Mixed,High
CUST0002619,0.594,Mobile,Low
CUST0001811,0.524,Mobile,Low
CUST0001615,0.728,Mobile,High
CUST0001976,0.883,Mobile,High
CUST0002285,0.759,Mixed,Low
CUST0002014,0.31,Mobile,High
CUST0001162,0.969,Mixed,Low
CUST0002221,0.919,Mobile,Low
CUST0000863,0.63,Mixed,Low
CUST0002753,0.51,Mobile,Medium
CUST0002226,0.516,Mobile,Low
CUST0002464,0.735,Mobile,High
CUST0000957,0.483,Mixed,Medium
CUST0002192,0.986,Web,High
CUST0000450,0.71,Mixed,Low
CUST0002878,0.238,Mobile,Medium
CUST0000746,0.658,Web,Medium
CUST0002370,0.484,Mixed,High
CUST0000963,0.16,Mixed,High
CUST0000772,0.519,Mobile,Low
CUST0002025,0.859,Mobile,Medium
CUST0001579,0.025,Mixed,Low
CUST0002194,0.851,Mobile,Medium
CUST0002222,0.685,Web,Medium
CUST0002806,0.726,Mobile,High
CUST0000814,0.893,Web,High
CUST0001749,0.944,Web,Medium
CUST0001941,0.295,Mobile,Medium
CUST0001639,0.919,Mixed,Medium
CUST0002752,0.217,Web,Low
CUST0001577,0.144,Mobile,Medium
CUST0000401,0.555,Web,High
CUST0001909,0.928,Mixed,Medium
CUST0001737,0.054,Mixed,High
CUST0002123,0.528,Mixed,Low
CUST0000462,0.679,Web,Low
CUST0002680,0.745,Web,Low
CUST0001574,0.504,Web,Low
CUST0002822,0.575,Mixed,Medium
CUST0001722,0.454,Mobile,High
CUST0001979,0.723,Web,High
CUST0002497,0.379,Mobile,Low
CUST0000525,0.28,Web,High
CUST0001691,0.263,Mobile,Low
CUST0000921,0.653,Web,High
CUST0002744,0.925,Mobile,Low
CUST0000068,0.274,Mobile,High
CUST0000699,0.25,Mixed,Medium
CUST0002287,0.716,Mixed,Medium
CUST0002811,0.009,Web,Medium
CUST0002143,0.834,Mobile,Medium
CUST0000977,0.379,Mixed,Low
CUST0000003,0.902,Mobile,High
CUST0000569,0.709,Mobile,High
CUST0001926,0.793,Mixed,Medium
CUST0001349,0.171,Mixed,Medium
CUST0002847,0.364,Web,Medium
CUST0000003,0.281,Web,High
CUST0001036,0.715,Mobile,Low
CUST0002908,0.023,Mixed,Medium
CUST0001484,0.619,Mobile,Medium
CUST0002666,0.868,Mobile,High
CUST0000787,0.044,Mobile,Low
CUST0000917,0.291,Web,Medium
CUST0001233,0.208,Mixed,Low
CUST0002062,0.998,Mobile,Medium
CUST0001779,0.986,Mixed,High
CUST0000331,0.124,Mobile,Low
CUST0000541,0.195,Web,High
CUST0001906,0.023,Mixed,Medium
CUST0000263,0.566,Mobile,High
CUST0002097,0.686,Mobile,Medium
CUST0001729,0.655,Mixed,Medium
CUST0000489,0.26,Mobile,Medium
CUST0000398,0.203,Mixed,Medium
CUST0002832,0.056,Mixed,High
CUST0001680,0.633,Web,Medium
CUST0001877,0.246,Mixed,Medium
CUST0000909,0.089,Mixed,Medium
CUST0002386,0.355,Mixed,High
CUST0001437,0.148,Mobile,High
CUST0000469,0.506,Mixed,Medium
CUST0000841,0.149,Web,Medium
CUST0000991,0.989,Mixed,Medium
CUST0000061,0.336,Mobile,Medium
CUST0000933,0.475,Web,High
CUST0002833,0.597,Mixed,Low
CUST0001624,0.851,Mobile,Low
CUST0001455,0.948,Mixed,High
CUST0000800,0.367,Mixed,Low
CUST0000886,0.424,Web,High
CUST0000638,0.151,Mixed,Low
CUST0002631,0.19,Mixed,High
CUST0000909,0.722,Web,Low
CUST0001698,0.435,Mobile,Low
CUST0000299,0.842,Mixed,High
CUST0002781,0.529,Mixed,Medium
CUST0000325,0.283,Mixed,Low
CUST0001700,0.679,Web,Low
CUST0001615,0.473,Mixed,Low
CUST0001860,0.89,Mobile,Medium
CUST0000999,0.372,Web,Low
CUST0002431,0.255,Mixed,High
CUST0001253,0.439,Web,Low
CUST0001837,0.849,Web,Low
CUST0000358,0.824,Mixed,Low
CUST0001752,0.893,Mobile,Low
CUST0002388,0.85,Mixed,Low
CUST0000944,0.33,Web,Medium
CUST0000041,0.592,Mixed,Low
CUST0000934,0.795,Web,Medium
CUST0002408,0.839,Mixed,Low
CUST0001227,0.402,Mixed,Medium
CUST0001291,0.514,Mixed,Low
CUST0002832,0.291,Mobile,Low
CUST0000065,0.698,Mobile,High
CUST0001505,0.672,Mobile,Low
CUST0000711,0.59,Mobile,High
CUST0000839,0.627,Mixed,Medium
CUST0000513,0.899,Mobile,Low
CUST0002503,0.82,Mixed,High
CUST0002642,0.125,Web,Medium
CUST0000245,0.643,Web,Medium
CUST0002597,0.162,Mobile,High
CUST0001422,0.148,Mobile,Low
CUST0002292,0.449,Mixed,High
CUST0001871,0.486,Mixed,High
CUST0001817,0.104,Web,Medium
CUST0001874,0.512,Mixed,High
CUST0002692,0.176,Mobile,Medium
CUST0002074,0.551,Mobile,High
CUST0000655,0.832,Mixed,High
CUST0002213,0.086,Web,Low
