date,inflation_rate,unemployment_rate,interest_rate
2018-01-01,12.6,6.86,8.17
2018-01-02,10.6,3.61,0.5
2018-01-03,11.09,2.05,9.68
2018-01-04,12.87,7.36,4.62
2018-01-05,7.0,6.98,3.67
2018-01-06,3.35,11.26,6.43
2018-01-07,6.28,2.36,8.85
2018-01-08,14.71,3.49,3.85
2018-01-09,7.28,3.98,1.17
2018-01-10,13.93,7.47,3.86
2018-01-11,10.84,4.85,0.55
2018-01-12,11.33,4.06,2.26
2018-01-13,3.66,7.14,0.99
2018-01-14,6.16,2.41,4.18
2018-01-15,11.25,11.75,1.07
2018-01-16,10.18,10.61,9.85
2018-01-17,13.08,4.72,7.93
2018-01-18,3.94,5.36,4.49
2018-01-19,11.48,4.46,8.01
2018-01-20,1.55,11.28,4.46
2018-01-21,5.2,8.53,6.65
2018-01-22,9.83,7.21,8.3
2018-01-23,14.72,7.09,7.0
2018-01-24,14.85,3.66,1.3
2018-01-25,7.15,11.63,0.91
2018-01-26,11.71,11.15,5.91
2018-01-27,9.41,11.52,2.37
2018-01-28,10.93,4.91,9.85
2018-01-29,11.25,6.77,0.65
2018-01-30,8.66,7.19,7.61
2018-01-31,12.4,6.9,0.9
2018-02-01,9.18,2.19,6.3
2018-02-02,2.41,10.33,4.49
2018-02-03,14.85,9.47,6.51
2018-02-04,5.25,6.75,7.74
2018-02-05,14.5,4.67,0.82
2018-02-06,5.1,8.35,5.45
2018-02-07,12.94,3.38,9.45
2018-02-08,10.65,11.97,2.57
2018-02-09,6.0,3.25,1.24
2018-02-10,14.13,2.58,7.82
2018-02-11,9.16,8.12,7.54
2018-02-12,12.62,6.63,4.21
2018-02-13,12.16,9.19,8.39
2018-02-14,1.65,3.28,5.67
2018-02-15,4.76,5.64,5.02
2018-02-16,7.61,7.01,8.31
2018-02-17,14.06,6.47,1.43
2018-02-18,1.87,7.83,2.63
2018-02-19,3.6,3.02,4.72
2018-02-20,9.74,7.04,1.31
2018-02-21,10.14,7.55,9.96
2018-02-22,3.3,10.81,3.48
2018-02-23,14.28,7.71,9.5
2018-02-24,3.48,7.47,5.01
2018-02-25,3.55,10.12,9.28
2018-02-26,9.9,2.65,4.68
2018-02-27,6.9,8.48,8.24
2018-02-28,1.36,10.12,7.64
2018-03-01,13.89,2.95,9.5
2018-03-02,2.05,10.12,6.56
2018-03-03,3.19,9.87,2.66
2018-03-04,13.56,2.01,5.65
2018-03-05,4.85,4.46,1.89
2018-03-06,12.45,3.51,3.68
2018-03-07,3.39,7.11,8.0
2018-03-08,1.67,11.14,0.63
2018-03-09,4.29,8.03,6.4
2018-03-10,11.39,8.02,7.08
2018-03-11,10.28,3.23,9.05
2018-03-12,5.35,8.66,7.69
2018-03-13,9.87,10.88,4.33
2018-03-14,10.31,6.29,7.77
2018-03-15,8.91,8.82,6.44
2018-03-16,14.1,4.95,6.07
2018-03-17,12.11,4.69,1.2
2018-03-18,12.42,3.85,5.63
2018-03-19,6.96,4.42,8.74
2018-03-20,10.57,5.43,4.65
2018-03-21,3.57,7.67,7.19
2018-03-22,5.14,9.81,9.09
2018-03-23,8.03,4.9,5.57
2018-03-24,12.43,3.68,1.34
2018-03-25,5.72,6.5,1.02
2018-03-26,7.16,9.9,8.08
2018-03-27,14.4,5.89,0.81
2018-03-28,4.98,11.13,9.99
2018-03-29,9.65,4.48,1.71
2018-03-30,2.41,9.58,7.86
2018-03-31,6.76,6.68,8.74
2018-04-01,5.62,3.07,3.41
2018-04-02,1.18,4.81,5.65
2018-04-03,9.19,10.58,9.55
2018-04-04,5.64,2.06,9.57
2018-04-05,4.52,9.56,9.34
2018-04-06,13.5,10.11,3.11
2018-04-07,4.21,3.2,1.07
2018-04-08,6.68,11.62,1.48
2018-04-09,14.29,10.72,1.85
2018-04-10,2.12,3.79,6.88
2018-04-11,14.14,4.41,8.12
2018-04-12,6.46,10.18,0.98
2018-04-13,12.07,7.46,8.96
2018-04-14,5.98,11.23,7.6
2018-04-15,6.82,11.79,5.54
2018-04-16,7.13,5.43,9.9
2018-04-17,14.26,2.97,3.02
2018-04-18,8.7,9.04,2.57
2018-04-19,4.04,11.23,3.68
2018-04-20,9.56,3.65,5.5
2018-04-21,13.45,11.85,4.17
2018-04-22,4.0,3.96,8.38
2018-04-23,5.73,2.86,9.0
2018-04-24,9.0,6.96,9.68
2018-04-25,14.82,10.06,8.27
2018-04-26,7.52,5.54,6.28
2018-04-27,9.18,5.32,6.33
2018-04-28,2.89,3.97,2.27
2018-04-29,11.61,11.86,3.0
2018-04-30,4.08,5.42,9.97
2018-05-01,5.59,8.66,2.98
2018-05-02,10.93,3.32,4.94
2018-05-03,10.98,6.5,4.16
2018-05-04,5.46,9.96,7.04
2018-05-05,12.9,11.7,3.69
2018-05-06,12.13,3.77,6.99
2018-05-07,9.62,2.95,9.63
2018-05-08,3.5,11.88,2.9
2018-05-09,13.67,7.54,4.02
2018-05-10,8.38,5.45,3.75
2018-05-11,6.27,11.6,3.35
2018-05-12,13.98,5.9,3.07
2018-05-13,14.6,4.32,6.49
2018-05-14,11.04,10.04,5.71
2018-05-15,12.08,5.14,5.33
2018-05-16,4.45,5.22,8.11
2018-05-17,4.62,6.45,1.89
2018-05-18,8.97,8.93,2.11
2018-05-19,14.76,10.42,5.37
2018-05-20,11.41,4.26,3.86
2018-05-21,11.44,5.62,2.15
2018-05-22,4.61,6.96,7.06
2018-05-23,6.88,2.26,5.21
2018-05-24,5.8,8.97,2.42
2018-05-25,5.23,7.66,3.01
2018-05-26,11.24,3.34,7.37
2018-05-27,2.4,3.3,3.61
2018-05-28,3.32,10.95,2.44
2018-05-29,6.77,8.83,9.67
2018-05-30,5.24,5.88,1.34
2018-05-31,13.65,5.38,1.9
2018-06-01,3.81,5.17,7.31
2018-06-02,4.48,8.55,4.54
2018-06-03,3.49,3.79,7.65
2018-06-04,13.02,11.87,5.75
2018-06-05,3.83,8.87,0.88
2018-06-06,5.93,3.27,7.0
2018-06-07,10.37,3.38,8.15
2018-06-08,2.09,8.48,5.75
2018-06-09,12.43,5.83,3.42
2018-06-10,10.89,8.6,0.65
2018-06-11,4.65,9.23,9.11
2018-06-12,6.49,7.38,7.22
2018-06-13,9.68,4.57,0.93
2018-06-14,14.25,7.51,8.49
2018-06-15,9.81,6.22,1.0
2018-06-16,4.54,10.9,7.26
2018-06-17,7.75,9.4,7.09
2018-06-18,7.29,8.19,9.2
2018-06-19,8.46,2.4,2.07
2018-06-20,8.27,11.9,5.89
2018-06-21,6.1,7.66,5.67
2018-06-22,13.21,4.59,0.83
2018-06-23,5.62,7.92,6.56
2018-06-24,8.42,10.18,2.91
2018-06-25,4.65,7.39,3.66
2018-06-26,7.09,9.77,2.79
2018-06-27,10.54,6.13,1.03
2018-06-28,11.61,7.9,2.08
2018-06-29,12.29,6.22,2.47
2018-06-30,11.32,7.28,5.98
2018-07-01,7.53,3.68,1.78
2018-07-02,1.52,7.99,9.25
2018-07-03,8.34,11.79,2.7
2018-07-04,1.77,9.65,6.69
2018-07-05,14.53,5.2,2.0
2018-07-06,6.29,10.64,8.05
2018-07-07,8.05,10.96,1.18
2018-07-08,2.81,3.77,7.51
2018-07-09,14.94,2.53,4.24
2018-07-10,7.89,7.72,4.92
2018-07-11,5.18,6.76,3.98
2018-07-12,3.7,9.15,4.32
2018-07-13,10.1,4.93,0.55
2018-07-14,7.11,5.8,0.75
2018-07-15,5.44,4.64,8.04
2018-07-16,1.13,4.92,2.53
2018-07-17,1.51,2.09,6.27
2018-07-18,10.71,7.11,6.71
2018-07-19,7.73,6.73,7.13
2018-07-20,12.88,5.56,6.17
2018-07-21,11.55,7.4,6.47
2018-07-22,9.03,5.92,6.02
2018-07-23,8.85,6.33,9.32
2018-07-24,11.43,2.02,6.81
2018-07-25,11.38,2.66,3.85
2018-07-26,5.68,3.51,3.89
2018-07-27,2.47,3.84,1.26
2018-07-28,11.81,6.52,9.92
2018-07-29,4.12,10.75,8.96
2018-07-30,12.08,6.06,0.91
2018-07-31,9.65,8.27,8.69
2018-08-01,6.01,2.26,1.82
2018-08-02,12.93,10.55,2.77
2018-08-03,10.68,3.13,6.97
2018-08-04,8.63,4.84,7.44
2018-08-05,5.21,10.17,5.3
2018-08-06,14.81,4.65,9.69
2018-08-07,12.74,4.58,5.15
2018-08-08,2.91,8.03,2.95
2018-08-09,12.29,11.03,0.59
2018-08-10,2.68,4.14,8.74
2018-08-11,4.47,8.21,4.26
2018-08-12,14.41,8.0,7.93
2018-08-13,13.18,8.6,7.85
2018-08-14,9.48,11.47,0.91
2018-08-15,10.79,3.66,8.3
2018-08-16,2.25,8.54,3.25
2018-08-17,5.65,3.82,8.49
2018-08-18,5.51,5.14,5.18
2018-08-19,1.46,5.9,6.12
2018-08-20,10.86,10.35,1.46
2018-08-21,5.31,2.54,4.1
2018-08-22,9.86,9.34,9.72
2018-08-23,1.38,11.13,9.3
2018-08-24,1.02,2.79,9.94
2018-08-25,3.38,9.91,5.35
2018-08-26,10.84,3.08,8.27
2018-08-27,9.46,11.63,4.82
2018-08-28,3.81,10.15,9.44
2018-08-29,8.33,8.95,9.87
2018-08-30,9.67,7.5,8.84
2018-08-31,14.15,11.21,6.4
2018-09-01,11.67,3.19,9.9
2018-09-02,2.9,3.22,9.85
2018-09-03,4.78,10.22,5.01
2018-09-04,6.65,6.82,3.39
2018-09-05,2.47,10.45,2.28
2018-09-06,8.77,5.91,6.93
2018-09-07,13.7,6.52,0.83
2018-09-08,5.29,5.32,7.76
2018-09-09,14.79,11.51,0.99
2018-09-10,4.49,6.65,3.02
2018-09-11,7.61,9.55,5.23
2018-09-12,5.8,8.96,1.43
2018-09-13,5.31,4.35,0.84
2018-09-14,6.29,11.14,5.06
2018-09-15,1.45,7.45,8.92
2018-09-16,8.45,10.56,4.38
2018-09-17,11.38,10.32,2.4
2018-09-18,13.09,2.59,4.38
2018-09-19,5.54,8.2,7.37
2018-09-20,8.71,9.89,0.89
2018-09-21,13.5,11.06,0.79
2018-09-22,12.2,7.06,4.9
2018-09-23,7.5,9.51,6.93
2018-09-24,3.31,11.7,6.33
2018-09-25,8.82,10.28,6.56
2018-09-26,14.86,10.54,2.07
2018-09-27,11.61,6.07,5.62
2018-09-28,12.87,2.92,4.09
2018-09-29,3.64,11.66,1.55
2018-09-30,13.65,8.96,1.72
2018-10-01,1.2,3.71,6.63
2018-10-02,13.07,11.74,9.59
2018-10-03,4.35,9.16,1.51
2018-10-04,9.72,2.9,5.2
2018-10-05,5.1,3.71,2.86
2018-10-06,2.89,10.65,3.18
2018-10-07,4.46,11.54,2.63
2018-10-08,7.62,5.65,5.68
2018-10-09,13.88,6.13,1.04
2018-10-10,6.45,5.95,7.55
2018-10-11,1.78,10.35,6.26
2018-10-12,1.33,6.53,4.16
2018-10-13,3.94,5.75,2.57
2018-10-14,1.73,8.22,5.6
2018-10-15,6.2,6.91,9.57
2018-10-16,6.38,7.33,7.23
2018-10-17,14.61,6.07,3.15
2018-10-18,5.29,6.61,7.56
2018-10-19,9.39,2.36,5.29
2018-10-20,12.46,11.26,0.96
2018-10-21,8.18,2.31,6.37
2018-10-22,10.75,9.73,2.72
2018-10-23,14.64,4.98,4.39
2018-10-24,5.54,3.12,5.05
2018-10-25,2.04,8.1,8.09
2018-10-26,7.02,9.07,6.01
2018-10-27,8.57,8.3,3.73
2018-10-28,9.12,7.76,6.74
2018-10-29,11.34,7.36,2.32
2018-10-30,13.57,7.41,8.32
2018-10-31,8.0,10.65,2.41
2018-11-01,3.01,2.9,5.81
2018-11-02,6.65,3.57,2.45
2018-11-03,3.18,10.13,3.59
2018-11-04,3.55,5.03,4.51
2018-11-05,1.02,9.72,3.99
2018-11-06,14.02,5.53,9.37
2018-11-07,11.43,11.25,2.62
2018-11-08,2.4,4.81,2.21
2018-11-09,13.88,6.27,5.42
2018-11-10,13.19,3.59,9.51
2018-11-11,13.74,8.67,5.28
2018-11-12,2.36,6.03,9.61
2018-11-13,2.12,11.41,2.31
2018-11-14,1.95,2.16,0.6
2018-11-15,14.54,5.88,3.38
2018-11-16,10.25,2.24,6.56
2018-11-17,3.49,5.29,6.12
2018-11-18,14.01,5.8,2.8
2018-11-19,7.2,4.58,6.78
2018-11-20,12.0,4.56,8.39
2018-11-21,9.91,4.6,7.03
2018-11-22,10.1,4.66,7.41
2018-11-23,7.16,4.82,3.42
2018-11-24,6.53,10.51,5.53
2018-11-25,3.27,2.39,0.91
2018-11-26,1.99,11.89,3.91
2018-11-27,13.99,4.82,8.25
2018-11-28,14.11,2.28,8.01
2018-11-29,9.98,3.75,9.44
2018-11-30,6.43,11.42,9.7
2018-12-01,1.35,11.98,9.74
2018-12-02,7.27,4.47,2.0
2018-12-03,10.23,4.25,1.65
2018-12-04,5.2,10.36,8.81
2018-12-05,5.79,11.14,4.14
2018-12-06,7.61,8.5,3.89
2018-12-07,7.93,11.36,5.57
2018-12-08,11.4,11.5,4.79
2018-12-09,8.0,9.6,2.62
2018-12-10,12.83,5.49,8.52
2018-12-11,7.76,3.49,9.14
2018-12-12,1.45,7.18,7.6
2018-12-13,2.98,4.9,0.96
2018-12-14,11.05,3.19,1.62
2018-12-15,7.33,5.94,3.79
2018-12-16,7.46,6.8,5.79
2018-12-17,14.69,8.62,6.29
2018-12-18,9.0,4.21,1.45
2018-12-19,2.64,10.68,9.62
2018-12-20,7.07,3.85,5.53
2018-12-21,8.86,11.97,4.6
2018-12-22,1.52,7.57,2.32
2018-12-23,6.1,3.47,9.53
2018-12-24,14.55,10.34,4.75
2018-12-25,11.52,4.54,1.62
2018-12-26,6.21,3.88,6.34
2018-12-27,4.67,3.35,3.83
2018-12-28,4.96,7.51,8.18
2018-12-29,12.6,10.79,5.68
2018-12-30,6.62,10.97,1.5
2018-12-31,12.8,9.86,7.63
2019-01-01,13.72,7.81,3.39
2019-01-02,7.5,7.3,4.38
2019-01-03,14.23,5.74,7.87
2019-01-04,5.2,2.44,1.51
2019-01-05,4.64,10.37,9.79
2019-01-06,2.5,11.99,7.17
2019-01-07,4.44,11.21,2.33
2019-01-08,11.82,11.33,1.05
2019-01-09,6.65,5.33,5.67
2019-01-10,3.07,2.99,4.1
2019-01-11,2.5,10.72,0.78
2019-01-12,7.86,9.64,6.29
2019-01-13,8.55,5.9,3.43
2019-01-14,12.12,10.34,3.56
2019-01-15,11.01,3.39,2.04
2019-01-16,3.34,8.51,1.83
2019-01-17,4.88,11.53,1.87
2019-01-18,10.71,11.1,8.92
2019-01-19,3.53,9.61,5.56
2019-01-20,12.25,4.67,4.96
2019-01-21,10.2,3.03,7.19
2019-01-22,8.51,5.25,3.54
2019-01-23,10.02,8.17,8.31
2019-01-24,2.4,5.17,2.37
2019-01-25,8.67,6.13,8.13
2019-01-26,7.32,6.04,1.03
2019-01-27,8.18,5.36,1.99
2019-01-28,5.73,11.23,8.98
2019-01-29,7.55,5.2,1.54
2019-01-30,13.37,11.94,2.83
2019-01-31,5.83,4.09,0.91
2019-02-01,1.63,10.73,6.19
2019-02-02,4.59,9.32,3.61
2019-02-03,7.36,8.69,6.52
2019-02-04,8.47,6.45,1.31
2019-02-05,6.98,10.17,4.25
2019-02-06,12.57,6.92,4.03
2019-02-07,13.81,3.36,5.6
2019-02-08,7.82,4.8,3.3
2019-02-09,2.06,3.82,9.86
2019-02-10,6.89,7.7,3.5
2019-02-11,3.54,8.55,7.12
2019-02-12,4.97,5.36,3.98
2019-02-13,12.66,2.4,5.57
2019-02-14,8.49,8.59,2.65
2019-02-15,12.6,2.62,2.14
2019-02-16,14.8,11.66,9.74
2019-02-17,8.63,10.87,5.64
2019-02-18,13.77,10.31,4.88
2019-02-19,10.57,5.68,6.59
2019-02-20,2.43,9.45,2.62
2019-02-21,6.85,2.46,8.31
2019-02-22,10.23,2.9,2.86
2019-02-23,10.87,6.95,5.65
2019-02-24,13.05,7.87,1.71
2019-02-25,9.92,9.67,5.96
2019-02-26,2.26,4.98,5.09
2019-02-27,2.99,7.43,3.17
2019-02-28,5.6,2.63,3.42
2019-03-01,5.12,6.71,0.59
2019-03-02,4.1,8.71,0.76
2019-03-03,9.64,11.9,6.21
2019-03-04,7.02,9.68,7.32
2019-03-05,10.59,11.95,5.7
2019-03-06,6.42,6.98,1.28
2019-03-07,4.84,6.33,9.44
2019-03-08,8.71,10.34,7.28
2019-03-09,2.35,6.62,2.76
2019-03-10,14.84,9.56,6.88
2019-03-11,10.18,11.95,1.56
2019-03-12,2.71,9.25,7.9
2019-03-13,9.71,2.14,5.07
2019-03-14,2.04,3.8,4.39
2019-03-15,8.09,4.76,0.59
2019-03-16,5.07,10.22,6.7
2019-03-17,10.81,11.32,8.38
2019-03-18,7.82,8.5,3.24
2019-03-19,12.0,2.88,0.61
2019-03-20,4.22,7.0,7.87
2019-03-21,10.19,10.59,6.54
2019-03-22,10.63,5.62,7.88
2019-03-23,7.69,2.65,5.61
2019-03-24,13.02,9.8,4.88
2019-03-25,3.05,8.57,2.58
2019-03-26,11.62,6.67,1.25
2019-03-27,2.85,10.5,4.98
2019-03-28,3.2,10.5,8.75
2019-03-29,3.82,9.01,1.06
2019-03-30,10.26,11.42,9.9
2019-03-31,9.95,6.54,9.5
2019-04-01,7.24,9.29,6.59
2019-04-02,5.4,10.31,9.19
2019-04-03,9.58,8.36,5.76
2019-04-04,3.02,7.53,4.34
2019-04-05,9.8,9.32,5.93
2019-04-06,1.17,5.55,8.83
2019-04-07,3.02,5.66,9.6
2019-04-08,10.91,11.77,8.46
2019-04-09,13.24,3.19,2.21
2019-04-10,2.06,10.42,6.12
2019-04-11,9.94,9.89,4.73
2019-04-12,1.87,2.54,5.07
2019-04-13,13.31,9.04,4.57
2019-04-14,6.48,2.94,1.14
2019-04-15,11.38,4.11,8.54
2019-04-16,3.42,11.58,9.79
2019-04-17,13.06,5.62,2.49
2019-04-18,7.01,2.57,6.41
2019-04-19,3.92,7.21,5.6
2019-04-20,9.01,4.06,9.02
2019-04-21,5.03,6.26,7.19
2019-04-22,5.02,3.02,7.62
2019-04-23,2.6,2.96,9.54
2019-04-24,3.99,7.04,6.8
2019-04-25,12.17,5.36,4.81
2019-04-26,8.33,3.55,0.99
2019-04-27,5.97,7.8,9.11
2019-04-28,14.01,2.62,6.1
2019-04-29,12.16,9.53,6.98
2019-04-30,5.34,2.51,5.3
2019-05-01,2.55,11.7,4.24
2019-05-02,3.58,9.36,5.29
2019-05-03,10.45,10.97,0.96
2019-05-04,8.88,6.4,8.08
2019-05-05,14.73,2.58,2.0
2019-05-06,1.19,4.29,3.66
2019-05-07,13.28,11.71,1.33
2019-05-08,1.2,8.19,8.29
2019-05-09,6.95,4.28,2.1
2019-05-10,13.83,6.83,4.29
2019-05-11,10.22,5.17,4.45
2019-05-12,9.17,6.9,3.51
2019-05-13,5.39,10.37,8.67
2019-05-14,14.53,4.23,7.83
2019-05-15,3.36,5.99,7.56
2019-05-16,4.78,6.46,2.64
2019-05-17,7.34,7.87,2.3
2019-05-18,2.77,2.78,2.84
2019-05-19,6.93,4.07,4.17
2019-05-20,1.55,5.98,5.05
2019-05-21,13.94,10.09,2.88
2019-05-22,5.51,3.87,4.85
2019-05-23,9.87,10.82,2.25
2019-05-24,13.19,5.39,3.06
2019-05-25,12.46,4.54,2.98
2019-05-26,13.23,6.09,7.41
2019-05-27,11.08,7.54,4.86
2019-05-28,3.71,9.34,6.34
2019-05-29,6.13,6.77,6.86
2019-05-30,8.17,10.18,1.15
2019-05-31,5.72,10.19,8.05
2019-06-01,14.37,2.02,3.2
2019-06-02,12.3,9.92,5.34
2019-06-03,12.19,6.43,3.71
2019-06-04,6.06,11.67,7.85
2019-06-05,11.57,10.2,2.67
2019-06-06,9.6,5.84,9.66
2019-06-07,6.25,8.35,4.3
2019-06-08,5.32,3.94,7.26
2019-06-09,12.04,4.9,6.59
2019-06-10,9.36,4.02,7.55
2019-06-11,1.52,9.51,5.74
2019-06-12,1.3,2.08,4.15
2019-06-13,12.79,6.07,2.21
2019-06-14,2.26,10.38,5.43
2019-06-15,8.27,9.09,1.08
2019-06-16,9.52,6.22,1.06
2019-06-17,13.82,8.33,6.33
2019-06-18,8.2,6.32,5.06
2019-06-19,3.72,10.44,5.31
2019-06-20,4.65,7.73,3.53
2019-06-21,1.68,8.33,8.01
2019-06-22,4.11,11.89,2.41
2019-06-23,12.41,9.7,6.07
2019-06-24,11.6,4.86,8.67
2019-06-25,2.15,9.73,8.42
2019-06-26,7.71,11.28,0.77
2019-06-27,5.23,4.95,3.15
2019-06-28,10.1,10.17,7.29
2019-06-29,14.46,4.38,7.54
2019-06-30,9.83,6.34,5.09
2019-07-01,11.44,8.9,2.42
2019-07-02,6.57,4.44,3.15
2019-07-03,1.46,3.87,8.11
2019-07-04,6.85,6.63,2.33
2019-07-05,8.15,9.83,9.45
2019-07-06,7.9,7.96,5.26
2019-07-07,4.27,9.01,3.19
2019-07-08,7.65,8.89,4.2
2019-07-09,11.05,7.44,2.94
2019-07-10,5.36,5.16,4.15
2019-07-11,9.88,6.22,1.74
2019-07-12,3.15,5.81,8.32
2019-07-13,4.89,2.79,9.65
2019-07-14,13.37,10.98,6.76
2019-07-15,9.77,8.42,8.18
2019-07-16,2.2,10.57,2.67
2019-07-17,4.7,9.76,1.1
2019-07-18,14.92,2.68,6.46
2019-07-19,4.78,4.16,8.27
2019-07-20,9.13,11.51,8.43
2019-07-21,8.7,6.62,5.56
2019-07-22,6.63,10.12,6.41
2019-07-23,1.47,7.75,4.0
2019-07-24,4.98,10.24,8.39
2019-07-25,14.35,9.35,7.13
2019-07-26,1.27,4.8,2.27
2019-07-27,11.02,11.91,3.15
2019-07-28,13.5,6.91,1.94
2019-07-29,11.67,7.85,5.3
2019-07-30,5.53,7.4,2.42
2019-07-31,8.29,10.85,2.01
2019-08-01,13.15,4.8,2.02
2019-08-02,14.66,2.62,3.03
2019-08-03,2.36,6.28,8.19
2019-08-04,2.74,11.18,9.41
2019-08-05,14.38,6.39,9.96
2019-08-06,13.22,4.78,0.88
2019-08-07,3.96,8.18,5.9
2019-08-08,14.58,9.38,3.03
2019-08-09,3.93,6.63,9.89
2019-08-10,2.24,5.8,9.85
2019-08-11,10.55,5.65,9.37
2019-08-12,8.56,6.21,0.64
2019-08-13,4.36,10.43,1.97
2019-08-14,14.0,6.83,5.75
2019-08-15,6.66,5.14,2.28
2019-08-16,6.64,3.82,8.62
2019-08-17,9.85,4.83,7.15
2019-08-18,4.23,6.63,2.25
2019-08-19,9.22,7.48,8.27
2019-08-20,6.1,8.21,5.23
2019-08-21,10.73,2.71,7.24
2019-08-22,4.47,8.13,1.83
2019-08-23,3.6,5.52,5.42
2019-08-24,4.5,4.57,7.88
2019-08-25,14.1,5.31,3.78
2019-08-26,12.89,9.84,2.27
2019-08-27,12.6,10.03,6.57
2019-08-28,11.93,3.04,6.62
2019-08-29,9.92,6.95,2.44
2019-08-30,2.38,7.29,1.16
2019-08-31,5.55,2.3,2.08
2019-09-01,8.87,9.17,3.12
2019-09-02,2.48,5.67,0.84
2019-09-03,1.42,6.18,9.27
2019-09-04,2.31,8.1,2.69
2019-09-05,2.51,6.69,7.52
2019-09-06,2.53,9.48,4.44
2019-09-07,3.66,7.96,5.27
2019-09-08,7.99,4.26,5.6
2019-09-09,5.0,10.7,7.84
2019-09-10,13.04,4.16,7.99
2019-09-11,13.27,9.14,1.84
2019-09-12,13.88,9.92,3.38
2019-09-13,7.6,8.88,5.94
2019-09-14,11.84,6.22,3.64
2019-09-15,9.27,10.78,1.76
2019-09-16,3.02,5.28,4.38
2019-09-17,9.9,8.87,2.58
2019-09-18,12.72,10.78,1.86
2019-09-19,5.87,3.55,3.39
2019-09-20,11.45,8.53,3.35
2019-09-21,11.84,11.01,1.42
2019-09-22,10.01,3.03,6.05
2019-09-23,13.37,3.46,3.49
2019-09-24,3.03,5.78,2.15
2019-09-25,12.81,11.94,8.28
2019-09-26,9.55,4.24,0.52
2019-09-27,12.98,5.25,4.82
2019-09-28,8.46,10.35,4.63
2019-09-29,5.59,3.31,6.88
2019-09-30,13.56,11.96,4.2
2019-10-01,13.28,9.39,5.37
2019-10-02,4.75,11.59,9.13
2019-10-03,11.42,3.44,2.1
2019-10-04,2.28,4.32,1.5
2019-10-05,2.2,5.71,7.59
2019-10-06,8.16,2.51,7.56
2019-10-07,1.5,2.61,9.24
2019-10-08,7.07,11.04,9.84
2019-10-09,12.07,2.43,4.15
2019-10-10,13.45,9.5,4.09
2019-10-11,4.57,9.18,9.09
2019-10-12,2.08,2.73,8.68
2019-10-13,9.83,3.88,4.07
2019-10-14,4.71,6.55,1.22
2019-10-15,1.33,8.42,6.02
2019-10-16,2.84,10.96,3.05
2019-10-17,14.14,7.27,9.13
2019-10-18,13.25,11.36,8.16
2019-10-19,12.61,3.9,9.06
2019-10-20,5.75,8.23,1.27
2019-10-21,11.0,10.45,8.71
2019-10-22,14.4,4.33,6.13
2019-10-23,8.95,9.89,2.55
2019-10-24,5.66,6.0,3.36
2019-10-25,12.19,12.0,4.84
2019-10-26,7.02,2.92,6.46
2019-10-27,9.08,7.53,2.71
2019-10-28,8.58,9.83,2.47
2019-10-29,4.04,8.76,8.98
2019-10-30,1.01,7.06,8.53
2019-10-31,14.98,7.13,7.78
2019-11-01,6.84,6.05,7.73
2019-11-02,4.97,5.42,7.78
2019-11-03,11.72,7.94,9.28
2019-11-04,9.3,9.48,8.52
2019-11-05,13.33,4.79,4.19
2019-11-06,11.94,11.47,4.98
2019-11-07,4.94,5.65,6.24
2019-11-08,9.29,6.34,5.02
2019-11-09,8.04,6.11,3.32
2019-11-10,14.37,3.11,8.68
2019-11-11,4.35,3.16,8.13
2019-11-12,4.97,9.95,4.2
2019-11-13,13.89,5.81,1.59
2019-11-14,7.41,4.16,0.55
2019-11-15,7.4,9.08,1.38
2019-11-16,13.15,11.6,1.97
2019-11-17,5.14,11.37,6.75
2019-11-18,10.76,9.23,2.59
2019-11-19,11.1,3.92,6.53
2019-11-20,7.19,3.54,3.62
2019-11-21,5.68,10.71,9.0
2019-11-22,11.45,11.63,4.96
2019-11-23,4.58,8.22,6.89
2019-11-24,12.47,11.01,4.88
2019-11-25,6.83,10.15,9.17
2019-11-26,1.26,3.54,7.03
2019-11-27,8.97,4.23,6.6
2019-11-28,3.72,2.68,6.13
2019-11-29,7.53,6.74,9.89
2019-11-30,12.32,5.24,7.01
2019-12-01,3.66,6.26,7.66
2019-12-02,3.91,2.09,1.28
2019-12-03,7.63,9.21,8.24
2019-12-04,7.67,4.01,6.17
2019-12-05,7.35,5.68,3.7
2019-12-06,10.72,6.02,6.03
2019-12-07,4.77,2.66,6.44
2019-12-08,4.65,5.66,2.97
2019-12-09,1.31,11.0,4.65
2019-12-10,6.34,10.93,7.35
2019-12-11,3.74,2.25,2.65
2019-12-12,9.28,2.3,8.44
2019-12-13,3.54,7.94,1.24
2019-12-14,13.52,4.05,6.02
2019-12-15,12.89,10.99,4.11
2019-12-16,11.71,6.83,1.01
2019-12-17,12.32,5.26,7.86
2019-12-18,14.43,11.53,5.69
2019-12-19,5.48,5.18,7.3
2019-12-20,14.72,5.21,4.11
2019-12-21,13.47,3.33,8.67
2019-12-22,6.07,4.22,1.3
2019-12-23,13.1,9.6,2.72
2019-12-24,13.56,9.6,8.05
2019-12-25,1.51,5.87,9.57
2019-12-26,13.26,5.49,8.54
2019-12-27,7.07,6.18,2.69
2019-12-28,12.36,5.01,3.81
2019-12-29,2.56,8.08,7.77
2019-12-30,3.41,10.37,9.49
2019-12-31,14.7,2.09,3.25
2020-01-01,6.83,11.36,4.17
2020-01-02,12.18,3.18,0.72
2020-01-03,11.5,11.0,5.29
2020-01-04,12.0,4.34,1.34
2020-01-05,11.7,11.17,1.31
2020-01-06,13.8,9.87,7.73
2020-01-07,9.3,4.69,3.77
2020-01-08,6.96,2.28,9.39
2020-01-09,13.95,9.16,7.3
2020-01-10,6.0,10.22,3.3
2020-01-11,9.83,8.8,6.98
2020-01-12,12.97,5.82,8.72
2020-01-13,13.82,3.27,4.64
2020-01-14,14.29,5.47,5.84
2020-01-15,10.24,4.69,2.57
2020-01-16,11.08,9.23,4.32
2020-01-17,7.97,3.59,6.0
2020-01-18,4.99,10.2,6.35
2020-01-19,1.23,8.12,7.34
2020-01-20,4.11,6.83,9.59
2020-01-21,14.72,5.6,8.47
2020-01-22,12.29,7.07,8.59
2020-01-23,7.71,7.4,5.8
2020-01-24,5.81,4.37,1.87
2020-01-25,1.9,11.89,6.54
2020-01-26,1.14,11.1,4.36
2020-01-27,11.57,5.91,0.8
2020-01-28,14.8,4.54,2.35
2020-01-29,4.55,5.07,7.71
2020-01-30,4.84,11.8,6.49
2020-01-31,14.09,6.07,9.8
2020-02-01,9.43,11.12,9.27
2020-02-02,3.43,2.59,6.15
2020-02-03,1.64,9.77,1.97
2020-02-04,8.89,9.62,3.7
2020-02-05,7.34,8.51,2.71
2020-02-06,7.05,3.21,4.97
2020-02-07,14.57,11.81,8.11
2020-02-08,4.68,4.13,8.31
2020-02-09,7.83,9.1,2.19
2020-02-10,3.99,9.51,5.72
2020-02-11,5.51,9.6,6.93
2020-02-12,11.72,10.26,4.27
2020-02-13,3.76,11.89,9.1
2020-02-14,10.47,2.96,3.91
2020-02-15,2.82,6.72,5.16
2020-02-16,3.67,11.75,6.07
2020-02-17,1.32,10.82,4.56
2020-02-18,9.83,11.91,9.65
2020-02-19,14.86,7.82,7.72
2020-02-20,10.19,8.73,8.38
2020-02-21,13.93,4.64,7.65
2020-02-22,8.37,6.58,6.09
2020-02-23,10.52,2.21,0.77
2020-02-24,13.96,9.2,7.77
2020-02-25,2.21,11.26,6.32
2020-02-26,9.36,3.12,1.27
2020-02-27,9.06,6.54,1.63
2020-02-28,1.46,8.23,5.07
2020-02-29,3.19,8.32,8.6
2020-03-01,8.73,5.07,5.76
2020-03-02,7.97,2.2,9.24
2020-03-03,5.81,10.88,8.25
2020-03-04,10.77,2.92,6.49
2020-03-05,6.04,3.78,3.48
2020-03-06,11.76,11.63,8.6
2020-03-07,12.33,7.0,6.76
2020-03-08,10.02,10.74,5.75
2020-03-09,4.91,10.97,5.26
2020-03-10,12.24,11.89,2.52
2020-03-11,4.53,2.41,0.65
2020-03-12,5.24,2.53,7.31
2020-03-13,9.52,3.91,9.24
2020-03-14,10.65,8.56,2.24
2020-03-15,6.2,4.62,9.38
2020-03-16,9.28,6.96,1.18
2020-03-17,4.47,9.86,5.75
2020-03-18,12.13,3.86,1.6
2020-03-19,14.89,4.86,8.95
2020-03-20,10.78,9.28,1.48
2020-03-21,5.47,2.08,2.89
2020-03-22,5.88,9.57,8.16
2020-03-23,1.43,8.76,7.04
2020-03-24,10.06,3.3,4.19
2020-03-25,9.4,4.44,8.45
2020-03-26,14.36,2.15,6.54
2020-03-27,6.63,7.81,2.97
2020-03-28,14.06,5.97,7.53
2020-03-29,11.64,6.23,3.66
2020-03-30,5.03,3.03,8.25
2020-03-31,1.23,5.52,7.93
2020-04-01,11.17,11.19,3.43
2020-04-02,7.95,2.65,1.48
2020-04-03,14.47,11.75,8.3
2020-04-04,1.31,10.48,3.96
2020-04-05,8.31,4.03,3.59
2020-04-06,12.04,9.05,0.67
2020-04-07,12.06,2.91,7.4
2020-04-08,10.41,3.6,3.1
2020-04-09,6.52,6.88,4.64
2020-04-10,1.94,6.0,9.05
2020-04-11,5.22,10.15,1.69
2020-04-12,10.12,11.39,0.86
2020-04-13,11.79,11.43,5.82
2020-04-14,12.44,3.47,7.15
2020-04-15,11.84,8.86,5.52
2020-04-16,5.53,7.71,3.73
2020-04-17,10.72,5.7,3.93
2020-04-18,14.57,11.95,1.92
2020-04-19,2.91,6.56,3.46
2020-04-20,11.24,8.65,7.71
2020-04-21,6.74,7.03,5.24
2020-04-22,4.15,3.03,8.96
2020-04-23,5.48,3.41,2.1
2020-04-24,3.33,9.5,4.7
2020-04-25,12.41,10.02,7.17
2020-04-26,6.42,5.64,3.09
2020-04-27,14.13,2.67,3.04
2020-04-28,14.53,11.57,1.5
2020-04-29,14.52,6.97,8.98
2020-04-30,3.18,3.34,2.14
2020-05-01,5.85,3.98,9.72
2020-05-02,5.35,2.45,4.76
2020-05-03,13.92,9.1,9.83
2020-05-04,2.21,9.04,0.88
2020-05-05,9.24,8.03,5.89
2020-05-06,7.8,7.46,7.06
2020-05-07,14.67,5.81,5.41
2020-05-08,14.49,11.51,5.92
2020-05-09,6.94,10.01,5.61
2020-05-10,7.18,11.08,1.92
2020-05-11,6.38,5.12,5.55
2020-05-12,12.05,11.78,5.65
2020-05-13,2.4,3.65,3.88
2020-05-14,2.63,2.56,6.27
2020-05-15,10.87,5.2,4.41
2020-05-16,1.23,4.01,7.67
2020-05-17,10.39,7.18,0.86
2020-05-18,2.8,5.5,0.59
2020-05-19,12.01,3.72,5.48
2020-05-20,11.35,10.44,9.9
2020-05-21,3.55,7.08,4.73
2020-05-22,11.6,3.1,0.61
2020-05-23,12.06,2.75,3.51
2020-05-24,13.96,5.83,4.94
2020-05-25,11.14,11.08,9.06
2020-05-26,13.15,7.08,1.65
2020-05-27,9.92,3.39,9.28
2020-05-28,9.76,4.47,9.43
2020-05-29,10.45,2.49,6.59
2020-05-30,6.69,10.32,2.64
2020-05-31,4.2,11.46,5.6
2020-06-01,6.79,2.78,8.26
2020-06-02,9.31,3.73,3.9
2020-06-03,10.66,3.71,9.1
2020-06-04,7.39,10.04,1.33
2020-06-05,5.62,10.39,3.42
2020-06-06,4.46,6.19,9.94
2020-06-07,3.56,11.69,6.05
2020-06-08,7.67,4.59,6.11
2020-06-09,10.89,7.25,2.78
2020-06-10,12.62,11.96,8.65
2020-06-11,5.83,10.27,4.58
2020-06-12,9.56,6.87,8.04
2020-06-13,7.69,3.09,8.2
2020-06-14,14.53,11.04,2.16
2020-06-15,13.35,7.42,5.27
2020-06-16,13.35,5.08,4.15
2020-06-17,9.11,6.51,1.97
2020-06-18,7.12,5.11,1.67
2020-06-19,10.13,7.51,0.94
2020-06-20,3.24,4.73,7.17
2020-06-21,13.36,6.46,7.93
2020-06-22,4.8,6.26,4.98
2020-06-23,12.58,8.16,5.86
2020-06-24,5.18,2.14,2.99
2020-06-25,8.31,7.99,7.29
2020-06-26,11.81,7.93,6.05
2020-06-27,6.51,5.92,8.88
2020-06-28,6.01,4.47,7.59
2020-06-29,13.43,10.39,0.68
2020-06-30,1.96,5.45,8.19
2020-07-01,12.78,5.12,0.76
2020-07-02,13.99,6.63,8.23
2020-07-03,8.88,4.78,9.88
2020-07-04,10.74,10.31,5.07
2020-07-05,13.06,7.65,2.66
2020-07-06,7.1,9.54,0.59
2020-07-07,13.3,9.45,1.93
2020-07-08,6.21,9.88,5.29
2020-07-09,5.29,10.69,8.16
2020-07-10,14.76,11.19,8.78
2020-07-11,1.44,5.84,6.99
2020-07-12,5.47,6.44,1.32
2020-07-13,7.42,2.5,9.92
2020-07-14,5.35,11.26,7.6
2020-07-15,4.95,7.87,4.55
2020-07-16,6.19,9.12,8.23
2020-07-17,6.57,6.36,6.09
2020-07-18,2.0,6.74,6.23
2020-07-19,11.85,7.43,9.73
2020-07-20,3.36,9.95,8.11
2020-07-21,1.57,8.13,2.99
2020-07-22,9.27,10.11,2.16
2020-07-23,10.36,4.17,2.14
2020-07-24,11.64,4.06,4.82
2020-07-25,2.23,4.07,4.19
2020-07-26,3.4,2.05,4.8
2020-07-27,3.55,3.79,1.1
2020-07-28,9.31,3.19,2.42
2020-07-29,13.46,6.54,8.08
2020-07-30,10.89,3.27,7.7
2020-07-31,5.41,6.16,4.24
2020-08-01,12.94,12.0,4.21
2020-08-02,10.38,7.03,8.9
2020-08-03,10.64,11.25,2.23
2020-08-04,14.4,9.02,3.89
2020-08-05,14.31,10.94,7.75
2020-08-06,6.4,8.26,5.96
2020-08-07,9.9,10.1,1.07
2020-08-08,3.83,5.03,0.61
2020-08-09,6.77,5.72,0.68
2020-08-10,4.83,11.6,6.73
2020-08-11,6.14,4.68,6.41
2020-08-12,10.46,6.21,0.92
2020-08-13,3.94,8.51,1.75
2020-08-14,3.52,5.92,7.36
2020-08-15,6.31,2.21,3.44
2020-08-16,2.37,9.92,9.92
2020-08-17,12.39,5.36,3.47
2020-08-18,14.42,4.28,3.69
2020-08-19,12.22,7.06,4.48
2020-08-20,8.44,2.08,8.36
2020-08-21,10.44,10.64,5.79
2020-08-22,12.28,4.61,8.64
2020-08-23,1.96,11.23,4.56
2020-08-24,6.85,8.78,6.28
2020-08-25,3.01,7.49,0.54
2020-08-26,2.27,10.06,5.97
2020-08-27,11.63,11.93,1.26
2020-08-28,13.01,4.51,2.33
2020-08-29,2.17,5.55,9.98
2020-08-30,3.5,6.84,6.55
2020-08-31,4.09,7.39,8.76
2020-09-01,13.0,7.53,1.04
2020-09-02,13.79,7.49,4.15
2020-09-03,11.71,10.28,8.69
2020-09-04,12.15,6.05,4.4
2020-09-05,5.8,2.11,2.91
2020-09-06,6.72,10.76,5.07
2020-09-07,4.93,8.62,4.97
2020-09-08,14.42,3.89,9.91
2020-09-09,11.19,2.3,3.87
2020-09-10,5.78,5.16,9.59
2020-09-11,2.9,3.24,9.16
2020-09-12,3.73,10.97,4.77
2020-09-13,3.86,4.78,9.48
2020-09-14,9.61,9.06,7.42
2020-09-15,13.64,8.58,8.91
2020-09-16,13.16,9.14,8.97
2020-09-17,1.98,7.3,1.31
2020-09-18,10.93,9.3,9.02
2020-09-19,3.35,7.12,5.15
2020-09-20,5.35,5.78,6.55
2020-09-21,8.61,10.58,3.35
2020-09-22,12.77,6.59,6.63
2020-09-23,4.31,7.68,0.76
2020-09-24,13.23,6.65,4.03
2020-09-25,11.29,9.75,6.47
2020-09-26,10.44,7.4,2.37
2020-09-27,2.86,6.71,6.89
2020-09-28,7.64,4.58,8.37
2020-09-29,4.85,11.12,0.85
2020-09-30,9.23,10.63,6.24
2020-10-01,10.43,6.31,6.02
2020-10-02,1.92,8.6,7.93
2020-10-03,10.02,7.08,7.13
2020-10-04,7.97,3.76,4.82
2020-10-05,12.74,5.76,3.87
2020-10-06,12.11,10.53,9.86
2020-10-07,6.78,9.97,5.27
2020-10-08,14.67,3.02,4.38
2020-10-09,9.22,2.75,9.93
2020-10-10,14.49,10.54,2.21
2020-10-11,11.07,10.99,2.27
2020-10-12,6.71,4.94,9.78
2020-10-13,4.27,5.49,6.75
2020-10-14,7.52,5.36,5.44
2020-10-15,14.1,3.27,1.14
2020-10-16,2.82,9.45,3.88
2020-10-17,7.44,5.7,4.62
2020-10-18,5.86,10.36,5.36
2020-10-19,13.14,10.79,4.65
2020-10-20,12.26,11.13,4.66
2020-10-21,8.73,10.18,9.95
2020-10-22,6.81,9.89,9.75
2020-10-23,10.58,6.49,1.32
2020-10-24,14.34,2.27,2.1
2020-10-25,2.42,3.12,9.45
2020-10-26,13.58,7.31,3.53
2020-10-27,5.12,5.6,6.31
2020-10-28,1.06,10.29,8.08
2020-10-29,11.37,7.63,4.97
2020-10-30,12.04,2.99,0.66
2020-10-31,5.27,6.79,8.37
2020-11-01,11.9,10.22,7.68
2020-11-02,12.17,10.63,0.89
2020-11-03,10.45,3.66,9.03
2020-11-04,1.54,3.0,8.64
2020-11-05,10.34,5.87,3.11
2020-11-06,14.05,2.66,1.26
2020-11-07,9.68,9.26,4.33
2020-11-08,6.14,6.48,8.81
2020-11-09,8.89,3.98,5.08
2020-11-10,14.9,3.02,3.17
2020-11-11,7.62,11.27,2.7
2020-11-12,12.78,2.43,3.87
2020-11-13,2.94,2.98,9.94
2020-11-14,1.79,4.34,8.85
2020-11-15,6.46,2.95,5.7
2020-11-16,2.93,8.44,8.18
2020-11-17,5.63,4.18,3.5
2020-11-18,11.02,6.8,6.34
2020-11-19,7.24,10.6,8.79
2020-11-20,5.5,10.25,3.99
2020-11-21,13.48,3.46,8.1
2020-11-22,1.13,2.89,6.34
2020-11-23,12.4,8.64,6.35
2020-11-24,9.7,4.1,0.89
2020-11-25,1.65,9.81,9.04
2020-11-26,1.48,6.34,7.87
2020-11-27,3.41,3.55,0.85
2020-11-28,14.68,11.74,6.3
2020-11-29,2.2,2.56,7.59
2020-11-30,11.34,3.24,8.05
2020-12-01,6.62,10.12,1.34
2020-12-02,4.31,6.53,6.58
2020-12-03,9.05,11.38,2.71
2020-12-04,6.15,3.13,4.79
2020-12-05,5.34,3.57,5.5
2020-12-06,4.35,2.02,0.76
2020-12-07,7.41,4.17,3.35
2020-12-08,3.37,8.57,8.08
2020-12-09,12.93,9.23,8.5
2020-12-10,9.28,6.3,3.64
2020-12-11,1.88,4.57,4.7
2020-12-12,7.4,9.16,8.4
2020-12-13,9.81,3.73,2.41
2020-12-14,13.06,9.67,7.44
2020-12-15,1.33,9.87,4.37
2020-12-16,7.39,6.41,9.88
2020-12-17,10.88,3.94,6.22
2020-12-18,3.75,8.3,1.91
2020-12-19,4.1,10.53,2.13
2020-12-20,7.86,7.3,0.76
2020-12-21,13.38,6.61,7.29
2020-12-22,6.58,11.79,4.71
2020-12-23,7.78,7.37,0.6
2020-12-24,9.9,2.34,1.46
2020-12-25,5.35,7.02,3.25
2020-12-26,13.14,6.45,4.53
2020-12-27,14.47,4.92,9.42
2020-12-28,10.1,5.17,5.64
2020-12-29,9.94,11.31,9.0
2020-12-30,10.43,3.34,2.88
2020-12-31,3.71,9.64,3.66
2021-01-01,11.25,11.02,8.87
2021-01-02,5.86,4.59,5.17
2021-01-03,14.91,2.67,6.11
2021-01-04,11.53,5.07,5.95
2021-01-05,9.17,6.33,6.63
2021-01-06,13.77,11.51,6.1
2021-01-07,14.58,6.3,7.1
2021-01-08,12.45,2.92,1.9
2021-01-09,11.59,3.47,7.25
2021-01-10,1.85,5.53,1.93
2021-01-11,10.88,3.84,3.73
2021-01-12,5.7,2.61,8.4
2021-01-13,14.02,3.75,6.27
2021-01-14,9.56,3.05,9.69
2021-01-15,6.19,4.03,2.9
2021-01-16,5.75,11.96,9.25
2021-01-17,8.77,6.45,6.6
2021-01-18,7.88,8.59,4.01
2021-01-19,6.47,3.65,7.97
2021-01-20,3.92,10.49,9.57
2021-01-21,12.15,4.67,7.91
2021-01-22,7.07,11.82,0.56
2021-01-23,2.38,10.37,0.6
2021-01-24,2.2,11.51,1.7
2021-01-25,4.33,8.68,8.58
2021-01-26,8.73,8.58,7.63
2021-01-27,3.07,10.41,6.58
2021-01-28,4.01,9.15,7.1
2021-01-29,8.02,8.06,6.39
2021-01-30,4.05,5.58,3.8
2021-01-31,13.01,4.23,7.34
2021-02-01,9.26,9.82,9.38
2021-02-02,2.2,5.86,7.62
2021-02-03,2.96,2.61,8.74
2021-02-04,3.73,6.8,2.75
2021-02-05,9.82,8.58,3.82
2021-02-06,2.48,2.23,5.32
2021-02-07,1.61,9.05,4.98
2021-02-08,11.2,4.25,4.93
2021-02-09,7.69,4.22,6.59
2021-02-10,12.88,7.63,8.63
2021-02-11,12.1,5.37,8.93
2021-02-12,4.83,6.51,1.93
2021-02-13,3.69,7.13,1.36
2021-02-14,8.23,11.21,3.46
2021-02-15,2.12,4.05,7.5
2021-02-16,9.86,6.64,8.04
2021-02-17,1.17,9.86,4.14
2021-02-18,12.24,4.05,3.45
2021-02-19,13.47,2.82,1.74
2021-02-20,14.95,2.18,2.76
2021-02-21,5.82,3.04,1.46
2021-02-22,8.87,4.75,3.39
2021-02-23,13.08,6.09,6.92
2021-02-24,7.47,7.94,1.73
2021-02-25,5.61,4.0,3.55
2021-02-26,1.68,4.7,5.52
2021-02-27,6.52,8.99,3.61
2021-02-28,2.1,11.09,4.68
2021-03-01,6.08,3.36,5.22
2021-03-02,5.8,6.73,7.86
2021-03-03,10.06,4.95,8.51
2021-03-04,6.13,7.28,2.33
2021-03-05,6.38,3.19,4.01
2021-03-06,5.01,4.71,5.96
2021-03-07,9.51,9.09,5.24
2021-03-08,6.45,10.19,1.26
2021-03-09,14.28,8.22,3.78
2021-03-10,13.49,11.44,2.66
2021-03-11,4.32,8.53,4.46
2021-03-12,6.66,9.47,3.71
2021-03-13,9.88,5.57,7.11
2021-03-14,1.23,3.7,4.31
2021-03-15,4.18,8.58,2.79
2021-03-16,4.99,11.19,6.39
2021-03-17,6.63,11.82,7.41
2021-03-18,13.45,6.5,1.53
2021-03-19,2.35,7.4,2.89
2021-03-20,1.92,5.11,2.48
2021-03-21,10.3,8.73,2.41
2021-03-22,6.1,9.65,9.07
2021-03-23,3.49,2.41,1.7
2021-03-24,10.83,10.47,8.78
2021-03-25,4.4,7.14,4.24
2021-03-26,8.92,7.8,6.59
2021-03-27,6.72,4.06,4.69
2021-03-28,6.06,2.1,6.19
2021-03-29,11.1,11.52,5.74
2021-03-30,9.59,11.28,4.61
2021-03-31,8.19,9.74,3.11
2021-04-01,2.79,6.74,9.34
2021-04-02,9.2,5.18,9.2
2021-04-03,10.7,3.56,1.18
2021-04-04,12.41,2.81,2.62
2021-04-05,5.19,6.57,5.95
2021-04-06,4.7,9.92,9.81
2021-04-07,11.48,9.26,7.41
2021-04-08,7.54,9.56,8.27
2021-04-09,6.68,3.19,3.49
2021-04-10,3.25,10.63,2.58
2021-04-11,7.08,10.04,2.65
2021-04-12,11.17,2.94,5.09
2021-04-13,7.31,5.57,8.66
2021-04-14,13.22,5.75,2.56
2021-04-15,1.06,9.35,5.92
2021-04-16,3.52,10.6,8.18
2021-04-17,9.6,5.76,5.25
2021-04-18,10.41,3.31,4.46
2021-04-19,4.86,2.83,3.79
2021-04-20,14.19,8.39,6.2
2021-04-21,5.63,6.98,8.27
2021-04-22,6.76,11.02,9.96
2021-04-23,14.67,11.54,8.76
2021-04-24,7.71,10.98,4.8
2021-04-25,9.58,2.76,1.25
2021-04-26,8.56,4.84,1.65
2021-04-27,3.49,4.39,0.78
2021-04-28,14.88,2.69,3.95
2021-04-29,1.83,11.18,5.07
2021-04-30,14.77,10.95,8.3
2021-05-01,7.55,5.91,1.31
2021-05-02,3.65,11.59,2.67
2021-05-03,3.34,7.63,5.35
2021-05-04,10.18,6.34,8.57
2021-05-05,10.95,7.5,1.33
2021-05-06,13.58,6.22,2.81
2021-05-07,4.31,4.92,5.67
2021-05-08,7.06,3.81,3.58
2021-05-09,14.6,6.61,9.93
2021-05-10,6.99,7.31,4.8
2021-05-11,7.43,10.22,9.16
2021-05-12,5.04,6.73,9.44
2021-05-13,13.19,10.29,2.96
2021-05-14,6.12,11.55,3.6
2021-05-15,9.9,9.21,3.58
2021-05-16,3.56,3.2,4.64
2021-05-17,9.62,6.61,1.1
2021-05-18,14.08,10.57,8.17
2021-05-19,11.88,6.92,1.74
2021-05-20,1.95,10.11,8.99
2021-05-21,9.88,9.76,5.98
2021-05-22,8.82,3.6,5.07
2021-05-23,5.74,5.29,6.78
2021-05-24,12.8,9.64,9.36
2021-05-25,12.08,3.59,3.32
2021-05-26,10.08,6.23,3.07
2021-05-27,11.42,3.37,4.01
2021-05-28,3.7,4.36,5.12
2021-05-29,13.89,4.86,1.22
2021-05-30,10.35,7.3,6.96
2021-05-31,7.55,11.12,5.45
2021-06-01,3.7,5.86,5.63
2021-06-02,10.56,10.5,2.87
2021-06-03,2.35,8.95,8.49
2021-06-04,5.48,9.8,4.28
2021-06-05,9.03,9.62,6.7
2021-06-06,10.05,5.02,2.78
2021-06-07,1.24,4.36,8.25
2021-06-08,1.12,11.78,3.35
2021-06-09,2.56,9.38,9.26
2021-06-10,11.76,5.66,4.82
2021-06-11,8.94,7.54,1.88
2021-06-12,9.52,9.76,6.31
2021-06-13,9.45,2.56,5.79
2021-06-14,1.52,2.99,4.5
2021-06-15,3.41,2.25,8.29
2021-06-16,11.19,3.64,4.5
2021-06-17,10.04,3.19,1.79
2021-06-18,7.23,6.63,0.77
2021-06-19,1.29,4.87,8.98
2021-06-20,6.84,2.46,4.93
2021-06-21,4.47,6.49,5.85
2021-06-22,10.76,7.79,1.59
2021-06-23,12.55,5.7,5.15
2021-06-24,8.05,4.6,5.57
2021-06-25,6.65,5.9,4.92
2021-06-26,4.82,7.2,9.56
2021-06-27,2.3,6.36,5.93
2021-06-28,6.2,2.93,9.76
2021-06-29,10.49,6.57,1.96
2021-06-30,10.33,9.2,9.18
2021-07-01,6.78,10.2,5.75
2021-07-02,14.52,6.4,3.31
2021-07-03,14.16,11.94,7.58
2021-07-04,13.26,10.43,5.78
2021-07-05,7.1,4.15,5.97
2021-07-06,11.45,6.57,2.13
2021-07-07,14.01,4.95,6.96
2021-07-08,11.33,7.5,3.29
2021-07-09,5.42,4.24,3.88
2021-07-10,1.95,2.35,9.11
2021-07-11,14.41,11.04,2.21
2021-07-12,14.89,7.2,8.92
2021-07-13,10.71,11.15,5.25
2021-07-14,5.41,3.18,2.2
2021-07-15,13.11,3.51,8.21
2021-07-16,14.35,4.26,6.7
2021-07-17,8.09,6.57,3.79
2021-07-18,5.36,10.8,3.36
2021-07-19,6.69,8.5,4.5
2021-07-20,2.03,2.55,1.79
2021-07-21,8.92,6.07,8.19
2021-07-22,6.3,9.23,3.15
2021-07-23,13.38,5.22,8.36
2021-07-24,4.86,6.93,7.45
2021-07-25,1.12,9.11,9.45
2021-07-26,11.32,11.65,1.44
2021-07-27,1.1,5.33,3.82
2021-07-28,8.64,9.44,6.43
2021-07-29,3.54,9.47,8.66
2021-07-30,9.55,7.43,1.98
2021-07-31,3.77,10.13,8.68
2021-08-01,8.03,7.36,1.14
2021-08-02,5.69,8.25,5.01
2021-08-03,3.56,10.37,1.3
2021-08-04,9.49,6.76,1.92
2021-08-05,2.15,6.78,7.86
2021-08-06,14.18,7.91,0.68
2021-08-07,11.89,10.04,5.78
2021-08-08,13.82,3.27,1.43
2021-08-09,1.59,9.71,8.21
2021-08-10,1.03,4.95,8.18
2021-08-11,6.01,2.71,7.18
2021-08-12,9.63,9.92,7.68
2021-08-13,4.42,3.45,6.11
2021-08-14,8.69,4.13,5.11
2021-08-15,9.48,9.06,4.4
2021-08-16,3.12,7.65,6.78
2021-08-17,11.76,11.2,4.14
2021-08-18,14.11,11.54,0.53
2021-08-19,9.96,5.14,1.46
2021-08-20,14.27,5.24,6.69
2021-08-21,4.45,4.1,3.97
2021-08-22,1.51,7.18,9.9
2021-08-23,4.46,5.78,3.86
2021-08-24,10.07,2.15,1.53
2021-08-25,9.37,5.95,3.62
2021-08-26,4.74,2.62,7.03
2021-08-27,6.71,9.99,5.52
2021-08-28,6.15,11.29,6.3
2021-08-29,14.31,4.96,1.56
2021-08-30,5.4,8.51,8.36
2021-08-31,3.7,2.89,9.07
2021-09-01,8.92,5.64,1.88
2021-09-02,2.75,7.76,6.45
2021-09-03,8.11,3.04,2.68
2021-09-04,10.62,5.77,2.23
2021-09-05,14.21,11.55,2.44
2021-09-06,13.49,3.66,5.45
2021-09-07,12.78,8.2,8.92
2021-09-08,6.51,10.33,8.28
2021-09-09,13.52,9.71,1.86
2021-09-10,11.03,9.71,5.34
2021-09-11,7.18,2.59,1.93
2021-09-12,8.9,11.74,4.66
2021-09-13,7.11,9.27,5.84
2021-09-14,3.76,11.54,8.21
2021-09-15,7.32,11.79,8.68
2021-09-16,12.3,5.57,0.76
2021-09-17,4.73,7.43,7.05
2021-09-18,9.96,9.29,4.4
2021-09-19,8.75,10.49,5.2
2021-09-20,13.88,11.71,2.61
2021-09-21,11.45,11.74,0.83
2021-09-22,6.06,5.28,8.44
2021-09-23,8.86,8.8,2.69
2021-09-24,13.76,3.47,8.86
2021-09-25,4.17,10.11,1.16
2021-09-26,7.64,3.6,4.38
2021-09-27,4.1,10.91,7.55
2021-09-28,6.86,11.79,2.94
2021-09-29,1.82,2.86,9.69
2021-09-30,13.26,7.12,6.56
2021-10-01,14.7,4.65,2.57
2021-10-02,8.95,6.7,8.04
2021-10-03,8.76,4.94,9.85
2021-10-04,14.38,2.66,2.87
2021-10-05,6.51,5.94,8.31
2021-10-06,9.7,4.05,9.78
2021-10-07,12.72,7.49,2.6
2021-10-08,8.08,8.81,2.73
2021-10-09,4.1,6.05,7.31
2021-10-10,12.38,4.04,9.53
2021-10-11,4.8,3.92,7.11
2021-10-12,12.81,2.02,5.29
2021-10-13,14.22,9.02,1.5
2021-10-14,8.64,4.53,9.28
2021-10-15,1.69,11.71,1.16
2021-10-16,14.38,9.47,2.51
2021-10-17,12.64,4.95,4.78
2021-10-18,2.64,3.59,5.26
2021-10-19,9.81,8.24,1.02
2021-10-20,5.42,10.65,1.28
2021-10-21,5.62,7.84,1.69
2021-10-22,9.12,2.11,0.88
2021-10-23,10.97,9.86,9.79
2021-10-24,1.16,11.64,2.76
2021-10-25,3.14,2.47,8.86
2021-10-26,13.64,10.09,7.95
2021-10-27,7.93,9.19,7.21
2021-10-28,7.89,5.97,6.75
2021-10-29,12.76,8.34,5.24
2021-10-30,2.81,3.59,5.86
2021-10-31,10.99,9.2,8.96
2021-11-01,8.09,7.81,7.89
2021-11-02,11.38,2.87,2.69
2021-11-03,10.51,10.68,1.49
2021-11-04,10.33,3.28,3.29
2021-11-05,12.98,6.38,1.76
2021-11-06,8.71,3.31,9.57
2021-11-07,6.71,8.46,4.14
2021-11-08,3.78,9.38,2.15
2021-11-09,5.82,11.47,6.41
2021-11-10,13.18,4.53,4.28
2021-11-11,5.72,5.66,2.57
2021-11-12,14.8,5.87,1.05
2021-11-13,9.51,2.97,1.38
2021-11-14,12.41,10.08,5.85
2021-11-15,7.91,2.83,7.63
2021-11-16,10.16,5.39,9.29
2021-11-17,14.85,3.9,6.06
2021-11-18,8.0,8.64,6.7
2021-11-19,4.69,11.06,2.8
2021-11-20,10.1,9.46,3.11
2021-11-21,13.87,9.75,4.47
2021-11-22,1.24,2.79,8.75
2021-11-23,14.9,9.39,4.64
2021-11-24,8.62,2.63,2.78
2021-11-25,12.19,6.84,9.24
2021-11-26,2.66,8.92,4.41
2021-11-27,5.08,4.55,1.26
2021-11-28,14.68,8.83,5.68
2021-11-29,5.03,10.81,6.45
2021-11-30,6.77,10.78,9.58
2021-12-01,4.93,3.92,8.16
2021-12-02,7.56,4.75,1.46
2021-12-03,3.23,8.66,5.36
2021-12-04,8.12,10.41,4.62
2021-12-05,5.18,6.55,4.24
2021-12-06,12.41,11.22,1.83
2021-12-07,6.46,7.75,4.07
2021-12-08,12.1,4.62,4.97
2021-12-09,9.98,2.2,2.58
2021-12-10,13.81,10.07,5.97
2021-12-11,12.35,2.93,2.6
2021-12-12,13.62,2.78,1.65
2021-12-13,8.36,9.77,9.85
2021-12-14,13.79,2.32,7.04
2021-12-15,3.17,10.43,6.15
2021-12-16,2.18,7.99,3.61
2021-12-17,8.36,8.37,2.48
2021-12-18,12.56,11.38,1.75
2021-12-19,3.97,10.67,1.09
2021-12-20,14.56,2.76,7.15
2021-12-21,3.59,10.53,3.12
2021-12-22,10.92,8.67,3.52
2021-12-23,13.81,5.17,2.03
2021-12-24,14.52,10.53,1.61
2021-12-25,10.26,2.23,5.2
2021-12-26,9.04,10.38,7.41
2021-12-27,2.27,8.2,9.91
2021-12-28,1.28,4.61,3.73
2021-12-29,14.8,2.06,6.81
2021-12-30,4.84,7.21,1.6
2021-12-31,2.01,6.22,5.78
2022-01-01,8.54,10.63,5.42
2022-01-02,5.38,9.88,0.8
2022-01-03,6.01,7.9,5.09
2022-01-04,5.95,3.51,5.21
2022-01-05,4.48,9.26,4.03
2022-01-06,14.55,7.94,5.95
2022-01-07,4.71,2.23,0.93
2022-01-08,8.8,9.62,8.52
2022-01-09,4.34,10.32,5.44
2022-01-10,11.67,9.74,0.81
2022-01-11,4.21,3.76,9.85
2022-01-12,9.61,7.03,4.13
2022-01-13,12.68,7.27,9.87
2022-01-14,4.8,11.34,2.21
2022-01-15,12.25,11.26,0.78
2022-01-16,2.29,2.62,7.28
2022-01-17,2.63,11.99,9.48
2022-01-18,6.61,9.87,1.24
2022-01-19,6.7,5.76,7.49
2022-01-20,8.23,9.43,1.16
2022-01-21,1.33,5.77,8.04
2022-01-22,2.64,11.36,6.02
2022-01-23,1.14,5.78,7.93
2022-01-24,14.36,9.66,4.03
2022-01-25,5.39,3.55,9.1
2022-01-26,10.63,10.52,3.38
2022-01-27,9.52,8.2,3.19
2022-01-28,11.15,10.08,9.63
2022-01-29,13.36,6.18,1.67
2022-01-30,4.26,5.46,6.13
2022-01-31,6.96,7.33,5.95
2022-02-01,5.6,5.88,2.75
2022-02-02,2.15,7.14,3.51
2022-02-03,1.45,6.31,3.22
2022-02-04,11.71,3.97,8.54
2022-02-05,2.81,11.77,4.2
2022-02-06,1.22,2.16,3.91
2022-02-07,7.14,11.26,6.55
2022-02-08,5.51,10.27,5.21
2022-02-09,1.93,6.21,4.55
2022-02-10,1.72,5.22,7.24
2022-02-11,13.78,3.65,4.42
2022-02-12,14.16,3.33,2.61
2022-02-13,7.75,7.51,7.55
2022-02-14,12.88,3.05,1.14
2022-02-15,12.2,6.76,10.0
2022-02-16,9.11,10.15,6.17
2022-02-17,11.51,9.57,2.55
2022-02-18,14.03,3.33,2.38
2022-02-19,8.93,11.61,3.1
2022-02-20,8.16,4.86,8.85
2022-02-21,1.05,9.06,8.35
2022-02-22,8.59,5.0,1.87
2022-02-23,12.45,8.17,6.2
2022-02-24,11.67,7.72,9.15
2022-02-25,10.04,3.78,7.46
2022-02-26,1.34,8.53,6.08
2022-02-27,13.96,5.26,2.48
2022-02-28,7.01,8.11,9.46
2022-03-01,9.0,7.41,8.97
2022-03-02,6.57,10.43,3.55
2022-03-03,5.88,4.14,5.23
2022-03-04,8.15,3.51,1.28
2022-03-05,7.93,10.55,6.5
2022-03-06,5.99,6.45,1.02
2022-03-07,12.25,9.82,9.11
2022-03-08,1.71,11.6,8.86
2022-03-09,2.64,7.44,3.17
2022-03-10,2.16,5.01,7.55
2022-03-11,8.91,9.94,4.67
2022-03-12,6.78,11.31,8.53
2022-03-13,7.33,4.45,1.08
2022-03-14,9.07,8.88,5.3
2022-03-15,5.54,9.81,4.28
2022-03-16,3.56,2.27,2.97
2022-03-17,5.3,7.92,2.49
2022-03-18,14.92,8.33,6.93
2022-03-19,14.34,8.37,2.42
2022-03-20,14.39,2.84,6.51
2022-03-21,1.39,2.22,4.2
2022-03-22,2.25,4.94,2.8
2022-03-23,1.64,5.58,7.95
2022-03-24,12.42,3.45,3.96
2022-03-25,14.88,7.1,0.64
2022-03-26,8.6,4.28,8.59
2022-03-27,10.81,5.38,3.49
2022-03-28,5.93,4.93,8.31
2022-03-29,11.72,9.72,5.69
2022-03-30,10.19,10.77,8.87
2022-03-31,12.21,4.98,4.47
2022-04-01,8.0,5.77,2.11
2022-04-02,3.72,10.15,0.67
2022-04-03,7.66,9.59,7.9
2022-04-04,5.37,9.09,7.9
2022-04-05,10.72,9.08,2.36
2022-04-06,2.92,4.97,9.58
2022-04-07,5.65,11.37,9.52
2022-04-08,1.09,10.09,3.97
2022-04-09,12.42,4.12,1.9
2022-04-10,6.69,8.62,3.2
2022-04-11,11.87,3.55,9.33
2022-04-12,2.37,7.78,6.29
2022-04-13,3.71,4.89,9.19
2022-04-14,12.91,3.05,0.72
2022-04-15,9.34,8.03,9.91
2022-04-16,1.08,10.84,6.47
2022-04-17,13.67,3.41,2.26
2022-04-18,14.77,10.99,5.31
2022-04-19,10.26,3.28,8.29
2022-04-20,11.19,9.42,1.84
2022-04-21,2.87,11.9,6.28
2022-04-22,11.73,2.94,7.09
2022-04-23,2.39,4.13,4.42
2022-04-24,13.46,6.64,5.65
2022-04-25,8.07,9.38,8.45
2022-04-26,2.98,10.98,9.54
2022-04-27,2.24,9.29,5.76
2022-04-28,7.16,9.71,7.17
2022-04-29,1.07,6.52,3.57
2022-04-30,14.46,5.56,3.67
2022-05-01,3.39,7.08,8.94
2022-05-02,6.87,8.5,1.44
2022-05-03,9.49,7.02,2.45
2022-05-04,10.45,9.9,3.06
2022-05-05,8.91,3.57,1.4
2022-05-06,3.5,5.96,6.84
2022-05-07,7.61,2.67,9.11
2022-05-08,5.52,8.71,0.76
2022-05-09,2.25,9.57,2.9
2022-05-10,6.43,8.67,9.25
2022-05-11,9.52,11.55,4.92
2022-05-12,2.43,11.32,8.91
2022-05-13,3.31,4.7,9.47
2022-05-14,2.21,4.43,9.91
2022-05-15,1.02,2.25,4.26
2022-05-16,14.11,7.03,3.76
2022-05-17,12.74,10.61,7.61
2022-05-18,4.24,3.58,6.15
2022-05-19,9.09,7.93,6.76
2022-05-20,12.22,9.2,5.56
2022-05-21,6.13,5.68,5.38
2022-05-22,11.35,9.03,3.49
2022-05-23,13.16,10.37,6.16
2022-05-24,7.98,2.11,3.05
2022-05-25,13.43,9.35,3.88
2022-05-26,3.94,8.0,6.49
2022-05-27,13.62,10.45,6.55
2022-05-28,12.28,3.39,5.98
2022-05-29,12.76,10.07,6.91
2022-05-30,1.06,3.41,4.41
2022-05-31,10.29,7.85,6.15
2022-06-01,6.61,4.71,1.41
2022-06-02,9.46,4.4,5.1
2022-06-03,2.17,6.99,6.07
2022-06-04,4.31,9.57,4.51
2022-06-05,5.92,8.45,0.66
2022-06-06,11.06,11.89,7.16
2022-06-07,8.74,3.19,4.83
2022-06-08,1.2,9.22,1.98
2022-06-09,5.69,2.55,9.74
2022-06-10,14.16,5.57,9.45
2022-06-11,3.52,5.44,2.01
2022-06-12,4.31,4.56,7.22
2022-06-13,5.3,7.32,5.42
2022-06-14,4.75,4.44,3.25
2022-06-15,2.7,5.68,7.0
2022-06-16,5.38,10.59,4.75
2022-06-17,8.55,5.24,9.04
2022-06-18,10.45,11.86,7.18
2022-06-19,10.0,4.76,5.32
2022-06-20,3.28,11.03,4.79
2022-06-21,9.6,6.31,0.8
2022-06-22,6.02,11.08,2.03
2022-06-23,12.51,6.27,0.93
2022-06-24,6.07,9.7,1.1
2022-06-25,14.67,6.0,1.14
2022-06-26,9.61,8.21,0.63
2022-06-27,7.01,2.51,8.02
2022-06-28,8.04,7.99,5.05
2022-06-29,3.46,5.16,7.62
2022-06-30,10.52,11.96,2.09
2022-07-01,14.48,10.11,8.49
2022-07-02,8.21,2.8,1.39
2022-07-03,14.89,3.98,3.56
2022-07-04,3.11,8.16,4.02
2022-07-05,9.93,5.0,2.74
2022-07-06,10.49,4.13,1.8
2022-07-07,5.36,5.56,6.47
2022-07-08,5.92,3.06,0.58
2022-07-09,14.24,7.54,8.02
2022-07-10,9.57,4.83,0.9
2022-07-11,11.94,10.67,9.66
2022-07-12,11.16,2.33,8.75
2022-07-13,9.55,5.51,4.44
2022-07-14,1.67,7.5,1.86
2022-07-15,10.28,4.35,8.77
2022-07-16,5.83,2.57,6.62
2022-07-17,7.57,2.72,5.3
2022-07-18,12.92,3.59,3.53
2022-07-19,14.56,4.72,5.83
2022-07-20,10.72,9.06,4.44
2022-07-21,4.25,6.75,4.92
2022-07-22,5.45,2.33,8.53
2022-07-23,2.93,3.55,9.55
2022-07-24,9.13,5.68,9.65
2022-07-25,14.02,6.2,9.13
2022-07-26,12.35,2.63,8.12
2022-07-27,8.61,3.21,4.81
2022-07-28,14.18,4.62,1.34
2022-07-29,13.55,10.37,6.49
2022-07-30,6.06,4.09,4.32
2022-07-31,8.7,4.27,7.03
2022-08-01,5.14,6.95,2.6
2022-08-02,1.12,10.91,7.76
2022-08-03,7.32,7.28,2.12
2022-08-04,11.5,2.79,8.18
2022-08-05,9.88,3.86,9.16
2022-08-06,13.98,10.56,9.05
2022-08-07,10.6,10.77,3.79
2022-08-08,2.98,9.95,4.2
2022-08-09,4.74,7.42,8.46
2022-08-10,2.75,6.39,7.08
2022-08-11,12.13,4.68,5.5
2022-08-12,14.31,7.48,9.63
2022-08-13,4.17,8.83,5.4
2022-08-14,11.72,7.99,2.82
2022-08-15,7.12,4.26,6.96
2022-08-16,5.97,11.03,5.37
2022-08-17,14.82,5.9,2.44
2022-08-18,5.84,10.85,1.95
2022-08-19,10.25,5.97,3.87
2022-08-20,10.98,2.38,9.72
2022-08-21,11.82,9.38,1.88
2022-08-22,13.07,11.2,4.98
2022-08-23,8.93,4.55,3.61
2022-08-24,9.46,7.42,9.46
2022-08-25,10.96,10.08,4.09
2022-08-26,3.08,5.21,2.65
2022-08-27,3.8,4.86,5.04
2022-08-28,11.7,6.11,1.96
2022-08-29,2.89,7.51,4.1
2022-08-30,10.64,7.53,7.46
2022-08-31,1.45,6.86,6.19
2022-09-01,5.73,10.2,0.6
2022-09-02,10.27,3.53,5.23
2022-09-03,10.89,2.85,8.22
2022-09-04,9.82,3.69,5.85
2022-09-05,7.18,9.04,4.97
2022-09-06,4.57,3.45,4.44
2022-09-07,9.59,5.23,5.6
2022-09-08,3.59,10.8,1.2
2022-09-09,1.84,3.4,8.1
2022-09-10,1.27,7.28,8.64
2022-09-11,4.75,7.06,6.13
2022-09-12,1.42,2.34,9.8
2022-09-13,4.49,3.15,5.77
2022-09-14,5.05,11.5,0.76
2022-09-15,5.83,11.61,4.91
2022-09-16,10.99,10.75,4.3
2022-09-17,7.18,6.32,2.34
2022-09-18,14.79,7.93,5.58
2022-09-19,14.26,10.24,4.82
2022-09-20,14.74,8.76,2.13
2022-09-21,6.77,10.95,5.31
2022-09-22,1.62,5.16,8.43
2022-09-23,13.04,8.24,5.34
2022-09-24,7.09,7.67,2.57
2022-09-25,9.98,11.85,7.02
2022-09-26,12.81,10.78,8.76
2022-09-27,9.5,3.65,3.78
2022-09-28,11.32,2.59,1.18
2022-09-29,4.48,6.46,9.19
2022-09-30,3.73,7.46,6.98
2022-10-01,8.77,9.9,9.92
2022-10-02,9.93,3.6,7.1
2022-10-03,13.2,11.2,1.68
2022-10-04,12.5,7.72,4.61
2022-10-05,14.85,10.43,0.91
2022-10-06,14.53,10.36,3.74
2022-10-07,9.73,11.52,7.96
2022-10-08,8.05,8.59,5.78
2022-10-09,11.65,9.84,4.86
2022-10-10,4.66,10.21,8.55
2022-10-11,5.93,6.68,2.18
2022-10-12,11.74,6.32,5.62
2022-10-13,14.3,11.47,6.65
2022-10-14,13.54,2.67,9.29
2022-10-15,2.02,11.53,2.05
2022-10-16,4.25,7.78,7.21
2022-10-17,4.83,4.95,0.94
2022-10-18,6.36,7.57,5.89
2022-10-19,1.99,8.38,6.63
2022-10-20,4.23,3.11,8.48
2022-10-21,11.03,8.7,3.58
2022-10-22,4.42,11.03,7.12
2022-10-23,14.2,11.71,1.38
2022-10-24,6.92,8.0,2.61
2022-10-25,2.4,5.27,7.85
2022-10-26,12.8,7.63,8.98
2022-10-27,13.82,2.03,0.65
2022-10-28,13.99,11.19,2.08
2022-10-29,7.92,9.85,2.5
2022-10-30,13.89,3.66,5.43
2022-10-31,10.93,8.09,1.96
2022-11-01,3.74,2.21,9.77
2022-11-02,8.46,4.16,4.18
2022-11-03,7.06,3.7,1.86
2022-11-04,7.31,3.56,7.86
2022-11-05,6.79,7.52,5.84
2022-11-06,3.45,11.64,9.18
2022-11-07,6.46,3.3,9.39
2022-11-08,8.17,10.73,8.63
2022-11-09,5.0,2.82,5.86
2022-11-10,3.48,2.83,2.61
2022-11-11,3.78,8.28,4.57
2022-11-12,3.7,7.75,5.08
2022-11-13,7.25,5.44,9.77
2022-11-14,3.93,7.33,2.9
2022-11-15,11.04,9.55,4.63
2022-11-16,5.7,9.73,5.84
2022-11-17,14.15,2.12,4.22
2022-11-18,1.88,2.78,1.65
2022-11-19,5.34,2.03,8.96
2022-11-20,11.34,2.16,8.11
2022-11-21,10.59,10.4,2.94
2022-11-22,6.89,2.84,4.75
2022-11-23,13.18,9.11,7.48
2022-11-24,2.0,11.8,9.75
2022-11-25,8.13,10.21,2.09
2022-11-26,3.81,2.66,6.56
2022-11-27,6.24,10.94,8.27
2022-11-28,10.79,11.58,0.75
2022-11-29,2.39,9.06,8.2
2022-11-30,1.61,8.16,8.0
2022-12-01,6.89,8.02,9.27
2022-12-02,4.8,10.2,1.3
2022-12-03,11.09,7.53,1.68
2022-12-04,1.92,5.34,5.43
2022-12-05,14.53,11.7,8.78
2022-12-06,9.69,2.48,8.81
2022-12-07,8.02,8.65,7.15
2022-12-08,6.78,7.86,4.76
2022-12-09,11.49,8.39,2.7
2022-12-10,5.99,8.42,5.01
2022-12-11,11.88,3.24,2.56
2022-12-12,10.95,3.34,7.84
2022-12-13,8.72,2.67,4.5
2022-12-14,13.44,11.38,5.62
2022-12-15,5.84,8.1,6.97
2022-12-16,1.81,2.77,5.5
2022-12-17,6.27,6.34,7.68
2022-12-18,13.25,5.59,7.97
2022-12-19,2.08,3.48,2.81
2022-12-20,11.68,10.22,3.33
2022-12-21,12.55,9.76,1.06
2022-12-22,6.99,6.64,1.35
2022-12-23,3.72,7.22,8.38
2022-12-24,5.98,6.36,2.53
2022-12-25,6.58,7.51,8.43
2022-12-26,14.05,9.33,9.87
2022-12-27,4.98,10.76,2.81
2022-12-28,14.62,7.92,4.87
2022-12-29,2.52,3.26,5.6
2022-12-30,14.64,9.72,9.46
2022-12-31,4.13,5.72,2.2
2023-01-01,3.35,8.3,8.44
2023-01-02,2.68,3.99,9.6
2023-01-03,5.43,3.63,5.77
2023-01-04,9.63,2.53,1.95
2023-01-05,10.33,5.14,3.67
2023-01-06,6.18,7.97,9.61
2023-01-07,4.23,5.19,2.1
2023-01-08,14.93,4.41,5.13
2023-01-09,4.79,11.95,2.3
2023-01-10,6.3,11.99,9.09
2023-01-11,7.73,8.05,6.11
2023-01-12,11.35,5.24,9.27
2023-01-13,3.13,10.62,9.49
2023-01-14,4.73,9.37,5.15
2023-01-15,14.96,8.16,9.4
2023-01-16,12.55,11.08,0.51
2023-01-17,7.21,6.45,2.33
2023-01-18,2.52,4.55,7.47
2023-01-19,13.13,11.67,5.5
2023-01-20,11.96,10.6,9.91
2023-01-21,9.13,11.12,7.95
2023-01-22,6.66,11.18,6.81
2023-01-23,14.1,5.83,9.17
2023-01-24,5.14,10.61,3.7
2023-01-25,5.49,10.89,2.09
2023-01-26,13.26,7.48,5.7
2023-01-27,9.77,8.25,2.77
2023-01-28,14.31,7.77,2.71
2023-01-29,10.03,2.16,3.41
2023-01-30,1.46,7.36,6.91
2023-01-31,3.48,2.38,0.72
2023-02-01,4.95,6.51,8.57
2023-02-02,13.14,2.46,6.31
2023-02-03,12.63,6.55,3.39
2023-02-04,12.06,5.05,1.57
2023-02-05,8.75,9.74,8.01
2023-02-06,2.95,6.79,4.65
2023-02-07,2.84,7.12,4.64
2023-02-08,2.77,11.04,4.97
2023-02-09,12.96,6.82,4.43
2023-02-10,2.98,3.56,5.38
2023-02-11,12.32,3.13,6.49
2023-02-12,12.83,5.06,4.59
2023-02-13,2.47,4.65,9.74
2023-02-14,13.63,10.18,4.28
2023-02-15,13.57,9.59,2.54
2023-02-16,9.93,2.59,9.81
2023-02-17,8.18,4.01,3.31
2023-02-18,10.06,6.49,6.4
2023-02-19,6.67,2.87,8.37
2023-02-20,9.24,3.66,0.54
2023-02-21,14.57,11.08,3.19
2023-02-22,2.59,7.41,5.55
2023-02-23,4.27,9.97,4.83
2023-02-24,8.34,5.31,1.19
2023-02-25,4.62,5.75,4.75
2023-02-26,14.9,10.58,1.51
2023-02-27,11.08,8.57,2.87
2023-02-28,7.08,8.78,7.61
2023-03-01,13.64,8.39,2.2
2023-03-02,3.02,7.41,6.82
2023-03-03,5.03,11.91,9.74
2023-03-04,14.38,10.94,2.85
2023-03-05,8.8,9.11,2.97
2023-03-06,13.89,8.78,9.55
2023-03-07,14.78,2.84,6.82
2023-03-08,6.04,6.85,7.82
2023-03-09,9.07,6.96,8.02
2023-03-10,12.85,2.52,7.43
2023-03-11,4.82,9.56,9.78
2023-03-12,7.25,2.02,3.11
2023-03-13,3.15,6.25,5.42
2023-03-14,10.14,11.03,6.81
2023-03-15,1.06,5.4,7.22
2023-03-16,7.29,7.83,2.33
2023-03-17,14.01,5.08,8.82
2023-03-18,13.56,3.79,8.24
2023-03-19,12.25,9.3,3.01
2023-03-20,2.98,4.05,5.67
2023-03-21,8.28,2.72,3.3
2023-03-22,11.07,6.35,3.98
2023-03-23,2.42,9.09,5.57
2023-03-24,3.06,7.8,5.63
2023-03-25,1.56,4.44,5.55
2023-03-26,5.52,10.18,5.67
2023-03-27,13.28,2.97,6.54
2023-03-28,8.1,8.7,0.65
2023-03-29,12.95,8.07,1.83
2023-03-30,2.17,10.99,4.97
2023-03-31,1.79,7.27,7.23
2023-04-01,12.25,10.19,5.34
2023-04-02,7.97,4.15,6.47
2023-04-03,7.59,7.45,9.72
2023-04-04,7.66,7.33,7.44
2023-04-05,6.33,4.95,9.43
2023-04-06,13.41,2.05,0.68
2023-04-07,8.29,9.44,4.75
2023-04-08,14.63,5.97,3.87
2023-04-09,12.85,5.0,7.2
2023-04-10,11.33,3.94,9.33
2023-04-11,9.91,10.52,0.88
2023-04-12,12.69,5.34,1.04
2023-04-13,13.34,4.04,6.89
2023-04-14,2.87,7.23,3.79
2023-04-15,6.04,9.82,2.43
2023-04-16,12.28,8.02,9.57
2023-04-17,4.1,11.6,0.63
2023-04-18,9.21,11.57,3.1
2023-04-19,11.93,11.02,3.65
2023-04-20,4.14,7.65,7.94
2023-04-21,6.63,9.68,5.84
2023-04-22,13.81,4.89,3.62
2023-04-23,5.98,7.75,2.11
2023-04-24,9.47,2.66,2.57
2023-04-25,7.07,4.63,0.87
2023-04-26,13.28,5.25,8.45
2023-04-27,6.94,5.61,1.61
2023-04-28,6.03,3.61,8.32
2023-04-29,3.43,2.83,1.82
2023-04-30,5.89,7.78,9.11
2023-05-01,10.37,6.91,6.95
2023-05-02,3.46,7.85,3.84
2023-05-03,10.88,3.29,4.23
2023-05-04,1.15,11.48,3.2
2023-05-05,6.14,6.13,2.51
2023-05-06,7.52,6.49,9.16
2023-05-07,2.35,7.47,2.25
2023-05-08,10.58,8.9,2.17
2023-05-09,2.44,5.85,3.92
2023-05-10,2.26,3.43,9.85
2023-05-11,6.15,9.83,4.92
2023-05-12,11.34,4.61,3.88
2023-05-13,14.49,6.43,9.99
2023-05-14,11.86,8.32,7.53
2023-05-15,7.52,11.65,9.47
2023-05-16,4.82,2.34,2.86
2023-05-17,5.22,7.19,7.66
2023-05-18,4.97,11.36,8.96
2023-05-19,4.9,4.55,5.53
2023-05-20,1.97,3.12,4.53
2023-05-21,4.09,7.97,3.31
2023-05-22,2.51,3.52,5.89
2023-05-23,1.1,10.79,2.33
2023-05-24,5.0,9.23,4.6
2023-05-25,5.93,3.21,6.98
2023-05-26,13.98,7.77,6.7
2023-05-27,14.93,2.27,7.15
2023-05-28,9.11,10.45,6.07
2023-05-29,13.61,4.05,0.52
2023-05-30,9.66,9.32,0.75
2023-05-31,7.97,3.06,6.01
2023-06-01,1.6,6.72,9.68
2023-06-02,1.62,11.29,2.35
2023-06-03,1.43,2.74,7.32
2023-06-04,3.1,4.95,4.62
2023-06-05,2.08,9.83,1.82
2023-06-06,3.73,6.63,0.82
2023-06-07,8.27,8.5,7.28
2023-06-08,8.04,10.12,1.87
2023-06-09,5.82,9.84,3.34
2023-06-10,10.32,5.95,4.31
2023-06-11,6.49,6.31,7.21
2023-06-12,4.08,7.71,4.18
2023-06-13,10.69,3.23,4.17
2023-06-14,14.72,10.7,8.05
2023-06-15,12.35,2.93,0.57
2023-06-16,6.8,3.85,7.66
2023-06-17,6.26,11.45,5.46
2023-06-18,1.54,4.82,5.65
2023-06-19,10.2,4.44,3.78
2023-06-20,4.12,6.25,1.38
2023-06-21,10.57,9.24,1.36
2023-06-22,11.64,5.66,3.74
2023-06-23,13.32,10.75,7.34
2023-06-24,8.68,3.49,8.97
2023-06-25,12.62,3.18,8.22
2023-06-26,11.12,2.77,8.08
2023-06-27,5.94,4.98,0.55
2023-06-28,2.49,4.0,2.32
2023-06-29,4.39,6.61,9.48
2023-06-30,12.82,11.96,8.77
2023-07-01,8.48,10.69,1.7
2023-07-02,10.32,10.95,6.54
2023-07-03,12.29,10.31,4.61
2023-07-04,10.34,4.72,0.57
2023-07-05,12.98,4.26,8.1
2023-07-06,2.21,9.32,9.46
2023-07-07,13.65,7.99,9.25
2023-07-08,12.38,4.06,4.15
2023-07-09,13.64,11.67,7.98
2023-07-10,11.23,6.24,5.23
2023-07-11,4.84,10.14,9.81
2023-07-12,2.59,2.74,9.65
2023-07-13,2.81,2.35,7.85
2023-07-14,7.98,6.56,4.98
2023-07-15,6.47,3.19,9.07
2023-07-16,10.16,11.79,2.63
2023-07-17,8.05,10.12,2.54
2023-07-18,2.75,6.54,5.8
2023-07-19,1.03,11.8,8.28
2023-07-20,2.8,4.38,1.09
2023-07-21,3.05,8.79,7.95
2023-07-22,11.08,2.18,9.52
2023-07-23,4.99,5.72,5.69
2023-07-24,2.31,2.79,2.53
2023-07-25,11.58,5.67,6.5
2023-07-26,14.17,5.81,2.37
2023-07-27,2.41,5.75,4.21
2023-07-28,14.48,6.14,7.15
2023-07-29,14.3,8.17,4.12
2023-07-30,8.32,3.89,5.1
2023-07-31,5.14,4.34,5.68
2023-08-01,2.93,8.45,3.72
2023-08-02,12.53,6.66,1.23
2023-08-03,9.47,3.62,5.35
2023-08-04,10.12,9.87,5.13
2023-08-05,13.05,11.31,4.55
2023-08-06,7.22,6.65,2.25
2023-08-07,6.15,8.14,1.0
2023-08-08,11.67,10.15,8.35
2023-08-09,5.16,11.64,5.56
2023-08-10,5.59,11.69,9.81
2023-08-11,6.34,11.23,9.79
2023-08-12,12.99,10.16,6.01
2023-08-13,11.91,6.26,5.16
2023-08-14,5.08,8.7,2.27
2023-08-15,3.01,9.63,4.1
2023-08-16,6.5,2.92,7.96
2023-08-17,9.74,3.16,9.65
2023-08-18,10.47,9.05,6.2
2023-08-19,3.81,8.67,6.36
2023-08-20,4.49,10.04,9.45
2023-08-21,14.02,3.85,1.71
2023-08-22,6.39,11.37,6.31
2023-08-23,5.4,4.38,6.06
2023-08-24,10.74,3.35,2.45
2023-08-25,7.55,5.24,7.85
2023-08-26,4.46,10.09,1.63
2023-08-27,6.73,2.28,1.1
2023-08-28,3.02,4.27,5.12
2023-08-29,4.91,11.56,3.35
2023-08-30,6.86,2.17,4.64
2023-08-31,8.25,4.78,1.57
2023-09-01,11.38,5.26,4.8
2023-09-02,6.39,11.24,4.68
2023-09-03,8.64,10.51,9.68
2023-09-04,14.31,6.6,7.36
2023-09-05,12.46,5.18,9.24
2023-09-06,4.32,11.44,7.92
2023-09-07,3.99,3.88,7.98
2023-09-08,10.28,6.77,8.72
2023-09-09,9.33,6.18,2.93
2023-09-10,8.66,11.35,4.55
2023-09-11,3.16,9.56,8.81
2023-09-12,6.08,6.63,1.14
2023-09-13,11.63,8.07,1.02
2023-09-14,11.13,11.08,6.66
2023-09-15,3.31,10.31,9.14
2023-09-16,6.98,8.15,8.04
2023-09-17,7.2,11.15,8.09
2023-09-18,8.12,5.8,3.92
2023-09-19,7.46,9.33,6.12
2023-09-20,8.02,2.16,7.83
2023-09-21,12.38,7.83,8.04
2023-09-22,6.45,3.37,6.02
2023-09-23,8.73,7.24,8.1
2023-09-24,9.49,4.47,0.76
2023-09-25,14.19,5.81,9.45
2023-09-26,10.17,9.92,8.77
2023-09-27,2.83,2.59,0.99
2023-09-28,9.15,7.37,4.48
2023-09-29,10.27,3.45,9.24
2023-09-30,1.13,7.73,5.37
2023-10-01,2.05,8.34,1.37
2023-10-02,1.27,3.82,9.68
2023-10-03,1.68,2.06,3.91
2023-10-04,2.26,2.85,5.4
2023-10-05,14.41,8.9,6.5
2023-10-06,3.89,5.8,8.41
2023-10-07,3.86,5.73,8.79
2023-10-08,13.0,8.92,6.7
2023-10-09,11.54,6.97,9.51
2023-10-10,10.46,8.37,2.58
2023-10-11,6.9,11.19,9.1
2023-10-12,1.44,7.07,2.31
2023-10-13,12.57,8.38,9.0
2023-10-14,13.05,8.4,2.55
2023-10-15,7.75,7.35,7.33
2023-10-16,10.03,8.64,8.26
2023-10-17,7.69,10.34,4.21
2023-10-18,5.15,10.08,1.58
2023-10-19,8.56,2.57,3.94
2023-10-20,10.64,11.52,1.09
2023-10-21,3.16,10.47,6.76
2023-10-22,8.43,11.71,7.12
2023-10-23,11.86,3.94,3.05
2023-10-24,7.66,7.36,6.69
2023-10-25,3.2,6.4,1.06
2023-10-26,13.18,5.77,0.8
2023-10-27,10.43,6.07,4.38
2023-10-28,9.86,11.04,5.1
2023-10-29,10.12,8.98,0.68
2023-10-30,4.43,5.25,6.1
2023-10-31,7.89,5.79,8.41
2023-11-01,5.56,6.69,4.4
2023-11-02,12.67,5.67,7.6
2023-11-03,9.24,4.1,1.94
2023-11-04,11.04,6.35,5.53
2023-11-05,10.24,2.8,8.0
2023-11-06,7.77,10.54,6.98
2023-11-07,12.27,10.25,7.91
2023-11-08,9.62,10.92,7.35
2023-11-09,4.17,6.46,1.65
2023-11-10,5.07,8.51,1.48
2023-11-11,12.58,10.1,9.77
2023-11-12,14.18,5.15,5.08
2023-11-13,8.67,8.33,7.46
2023-11-14,6.4,6.38,6.97
2023-11-15,9.75,5.74,0.92
2023-11-16,7.77,10.59,5.22
2023-11-17,12.78,8.24,5.45
2023-11-18,12.66,8.23,8.18
2023-11-19,7.39,3.57,9.64
2023-11-20,12.26,5.47,3.25
2023-11-21,3.7,10.41,1.06
2023-11-22,6.23,4.13,5.02
2023-11-23,2.11,11.7,0.78
2023-11-24,12.31,10.32,4.16
2023-11-25,14.65,4.68,3.1
2023-11-26,9.07,3.08,2.81
2023-11-27,11.73,3.7,0.52
2023-11-28,6.62,4.42,2.88
2023-11-29,8.86,4.38,3.54
2023-11-30,5.86,2.16,9.15
2023-12-01,10.76,9.15,1.34
2023-12-02,4.45,11.77,7.79
2023-12-03,3.15,4.86,7.39
2023-12-04,13.58,2.16,3.6
2023-12-05,13.1,11.18,9.12
2023-12-06,12.69,4.06,6.73
2023-12-07,12.5,2.07,1.42
2023-12-08,11.21,4.24,2.44
2023-12-09,13.25,3.04,4.31
2023-12-10,3.94,9.26,9.69
2023-12-11,13.19,2.02,3.01
2023-12-12,13.85,6.41,4.57
2023-12-13,11.02,6.92,5.83
2023-12-14,9.39,9.84,3.88
2023-12-15,4.3,7.22,7.16
2023-12-16,13.13,3.25,6.78
2023-12-17,9.08,6.26,1.07
2023-12-18,9.55,11.35,4.57
2023-12-19,9.49,4.37,7.92
2023-12-20,13.13,4.99,6.58
2023-12-21,2.92,10.73,4.87
2023-12-22,1.86,9.86,7.43
2023-12-23,4.14,4.96,6.87
2023-12-24,7.88,9.08,8.46
2023-12-25,7.57,2.85,0.98
2023-12-26,8.17,7.43,5.59
2023-12-27,2.6,10.71,6.77
2023-12-28,12.1,10.43,6.92
2023-12-29,5.23,4.03,9.26
2023-12-30,13.79,7.33,4.41
2023-12-31,12.76,5.98,8.05
2024-01-01,1.89,7.61,7.97
2024-01-02,1.75,2.75,3.05
2024-01-03,9.81,11.81,3.05
2024-01-04,2.08,7.64,9.46
2024-01-05,9.01,3.19,3.58
2024-01-06,2.11,8.42,4.44
2024-01-07,7.71,2.08,6.24
2024-01-08,6.87,2.06,3.51
2024-01-09,9.27,3.79,6.79
2024-01-10,5.99,4.71,3.25
2024-01-11,2.96,4.63,5.51
2024-01-12,12.79,6.43,5.82
2024-01-13,5.19,7.13,8.11
2024-01-14,1.94,6.22,8.67
2024-01-15,8.01,5.74,6.98
2024-01-16,13.29,8.7,3.07
2024-01-17,4.93,4.48,4.91
2024-01-18,7.31,8.28,5.85
2024-01-19,6.64,11.57,3.33
2024-01-20,1.68,6.72,9.43
2024-01-21,13.16,7.11,1.53
2024-01-22,11.62,9.28,8.42
2024-01-23,2.34,7.07,4.55
2024-01-24,2.85,3.44,9.48
2024-01-25,1.15,8.11,5.56
2024-01-26,14.8,7.09,7.43
2024-01-27,6.83,11.51,7.48
2024-01-28,14.03,2.93,7.13
2024-01-29,6.88,7.36,0.97
2024-01-30,2.45,8.17,6.41
2024-01-31,5.81,8.2,9.0
2024-02-01,6.86,2.6,8.51
2024-02-02,3.47,5.28,9.19
2024-02-03,1.75,4.63,4.72
2024-02-04,5.43,8.8,4.82
2024-02-05,8.55,9.35,8.18
2024-02-06,4.57,4.09,3.38
2024-02-07,14.42,10.26,7.77
2024-02-08,7.74,6.85,5.29
2024-02-09,2.82,4.63,3.01
2024-02-10,6.79,5.0,6.61
2024-02-11,10.91,4.64,3.31
2024-02-12,7.82,8.04,6.88
2024-02-13,5.64,7.27,5.91
2024-02-14,2.49,11.39,7.36
2024-02-15,7.43,4.74,6.19
2024-02-16,2.36,5.19,7.7
2024-02-17,6.19,2.06,9.96
2024-02-18,2.63,4.98,4.94
2024-02-19,10.47,4.51,6.18
2024-02-20,11.82,6.02,1.47
2024-02-21,4.41,6.96,9.53
2024-02-22,2.05,8.7,6.17
2024-02-23,5.86,3.92,1.48
2024-02-24,8.85,7.56,4.3
2024-02-25,11.75,9.29,1.27
2024-02-26,6.64,4.41,5.22
2024-02-27,6.12,5.51,3.13
2024-02-28,13.72,4.05,3.73
2024-02-29,7.3,3.11,1.16
2024-03-01,7.26,9.56,7.74
2024-03-02,6.74,4.4,8.49
2024-03-03,6.09,5.68,1.83
2024-03-04,11.2,4.48,7.63
2024-03-05,4.94,2.44,1.72
2024-03-06,6.3,9.29,1.31
2024-03-07,4.95,8.43,1.58
2024-03-08,8.98,6.76,0.8
2024-03-09,14.45,8.74,4.07
2024-03-10,6.46,10.46,9.55
2024-03-11,14.55,8.18,9.04
2024-03-12,10.19,11.07,3.65
2024-03-13,12.14,4.01,8.05
2024-03-14,5.66,10.83,8.33
2024-03-15,4.14,7.42,1.94
2024-03-16,9.08,10.42,2.68
2024-03-17,14.87,9.44,7.06
2024-03-18,10.94,2.58,3.01
2024-03-19,10.54,10.38,9.41
2024-03-20,7.3,5.37,2.69
2024-03-21,13.31,6.23,8.09
2024-03-22,10.76,2.11,7.7
2024-03-23,10.45,9.59,5.29
2024-03-24,5.1,6.67,3.0
2024-03-25,14.41,11.4,0.82
2024-03-26,4.51,4.81,8.37
2024-03-27,8.33,6.96,4.09
2024-03-28,5.75,6.11,3.73
2024-03-29,3.53,9.92,0.92
2024-03-30,3.02,7.36,1.94
2024-03-31,5.1,6.6,4.0
2024-04-01,10.65,11.47,7.06
2024-04-02,14.65,5.78,2.47
2024-04-03,12.95,6.9,2.05
2024-04-04,4.05,7.54,2.99
2024-04-05,2.1,2.54,3.19
2024-04-06,10.61,7.27,4.39
2024-04-07,1.42,5.36,3.93
2024-04-08,13.03,8.5,1.2
2024-04-09,12.56,8.44,6.37
2024-04-10,12.11,9.11,1.74
2024-04-11,8.73,5.99,8.75
2024-04-12,14.63,3.05,8.67
2024-04-13,7.42,6.39,1.19
2024-04-14,14.81,7.52,4.42
2024-04-15,13.35,2.25,5.03
2024-04-16,2.77,7.47,9.96
2024-04-17,13.53,5.99,2.89
2024-04-18,5.27,6.78,6.54
2024-04-19,11.76,5.03,4.84
2024-04-20,1.0,6.92,7.8
2024-04-21,4.86,10.82,2.86
2024-04-22,11.62,9.88,6.97
2024-04-23,14.61,8.16,1.73
2024-04-24,3.39,8.27,0.64
2024-04-25,7.43,10.95,0.67
2024-04-26,9.22,6.8,5.18
2024-04-27,14.34,7.39,7.82
2024-04-28,7.35,10.6,5.99
2024-04-29,14.07,9.55,0.85
2024-04-30,14.69,6.33,5.74
2024-05-01,14.18,5.05,1.58
2024-05-02,11.48,7.18,9.67
2024-05-03,2.77,3.21,3.85
2024-05-04,9.43,8.8,5.28
2024-05-05,11.55,6.64,3.72
2024-05-06,14.37,7.95,4.94
2024-05-07,11.89,10.46,9.61
2024-05-08,8.55,5.56,2.98
2024-05-09,3.87,6.97,7.32
2024-05-10,7.4,7.56,7.68
2024-05-11,9.94,4.8,2.31
2024-05-12,5.54,4.75,7.43
2024-05-13,7.39,7.26,6.66
2024-05-14,1.24,4.57,3.26
2024-05-15,13.31,10.61,5.47
2024-05-16,1.49,11.95,6.1
2024-05-17,6.73,4.11,8.45
2024-05-18,8.15,7.75,1.69
2024-05-19,14.61,3.45,9.73
2024-05-20,14.09,3.86,7.81
2024-05-21,10.05,9.66,5.58
2024-05-22,9.18,4.0,7.87
2024-05-23,6.13,9.49,7.47
2024-05-24,1.58,6.04,4.87
2024-05-25,4.75,6.79,3.69
2024-05-26,12.87,4.59,9.89
2024-05-27,10.08,7.49,8.9
2024-05-28,12.4,5.32,9.53
2024-05-29,12.72,3.75,0.96
2024-05-30,1.87,3.39,8.24
2024-05-31,5.72,12.0,8.97
2024-06-01,10.46,5.46,5.03
2024-06-02,12.94,10.05,8.96
2024-06-03,12.22,5.41,1.46
2024-06-04,6.91,8.23,1.07
2024-06-05,14.05,10.41,3.27
2024-06-06,5.21,8.96,0.75
2024-06-07,6.26,2.69,7.0
2024-06-08,3.54,3.93,9.31
2024-06-09,4.18,10.74,3.3
2024-06-10,1.12,6.71,6.77
2024-06-11,5.32,7.98,4.95
2024-06-12,5.29,2.24,2.92
2024-06-13,1.94,6.87,9.23
2024-06-14,5.77,6.31,9.6
2024-06-15,5.22,8.86,1.78
2024-06-16,12.19,4.74,7.79
2024-06-17,3.19,9.44,2.29
2024-06-18,11.15,8.71,5.14
2024-06-19,2.82,7.1,3.93
2024-06-20,7.95,5.76,2.82
2024-06-21,11.31,5.02,6.92
2024-06-22,9.49,7.35,8.63
2024-06-23,10.04,7.77,7.92
2024-06-24,3.89,6.48,7.36
2024-06-25,12.58,5.21,1.13
2024-06-26,14.33,10.8,1.43
2024-06-27,3.16,5.1,4.92
2024-06-28,13.44,8.72,5.78
2024-06-29,6.57,11.05,7.37
2024-06-30,10.78,8.47,3.88
2024-07-01,8.09,5.66,0.72
2024-07-02,12.11,4.97,0.84
2024-07-03,1.63,10.53,8.62
2024-07-04,5.53,6.9,1.72
2024-07-05,1.66,7.93,9.4
2024-07-06,14.18,7.96,3.66
2024-07-07,3.38,7.34,6.04
2024-07-08,6.94,11.31,2.1
2024-07-09,9.98,11.31,4.81
2024-07-10,7.46,2.4,8.82
2024-07-11,8.51,7.06,9.85
2024-07-12,3.86,7.66,7.78
2024-07-13,1.94,11.26,7.76
2024-07-14,4.6,2.7,8.91
2024-07-15,5.44,9.89,2.83
2024-07-16,6.82,8.42,7.49
2024-07-17,5.14,9.32,5.8
2024-07-18,1.5,4.92,2.99
2024-07-19,2.32,9.47,1.03
2024-07-20,10.43,4.83,2.41
2024-07-21,1.88,8.76,6.68
2024-07-22,1.65,9.87,5.91
2024-07-23,12.37,9.83,1.16
2024-07-24,1.58,7.44,5.84
2024-07-25,1.96,6.14,4.21
2024-07-26,8.69,4.44,0.64
2024-07-27,7.2,2.33,9.14
2024-07-28,14.5,2.49,2.95
2024-07-29,14.12,6.19,5.76
2024-07-30,10.24,2.95,6.1
2024-07-31,2.01,3.12,5.24
2024-08-01,8.04,3.95,2.78
2024-08-02,1.63,6.81,4.37
2024-08-03,13.71,7.92,3.26
2024-08-04,10.24,8.94,4.62
2024-08-05,9.03,6.86,1.29
2024-08-06,6.99,8.65,2.08
2024-08-07,8.14,10.62,1.81
2024-08-08,6.6,5.74,6.15
2024-08-09,2.39,8.88,6.73
2024-08-10,10.25,8.59,9.18
2024-08-11,14.95,8.36,2.99
2024-08-12,2.57,7.83,4.24
2024-08-13,14.92,9.26,6.41
2024-08-14,13.59,10.19,9.73
2024-08-15,13.52,5.92,4.22
2024-08-16,12.64,8.55,3.25
2024-08-17,13.93,4.49,4.18
2024-08-18,4.45,9.56,3.44
2024-08-19,7.12,10.8,1.31
2024-08-20,7.72,9.61,3.79
2024-08-21,1.95,6.91,6.06
2024-08-22,14.73,3.33,2.24
2024-08-23,10.65,10.73,8.42
2024-08-24,7.32,10.15,7.49
2024-08-25,14.89,8.98,5.81
2024-08-26,4.81,10.51,7.51
2024-08-27,5.72,7.33,3.51
2024-08-28,3.67,11.91,2.4
2024-08-29,3.61,10.37,8.5
2024-08-30,3.64,3.64,8.28
2024-08-31,9.55,6.02,7.49
2024-09-01,5.12,3.7,2.93
2024-09-02,14.32,4.24,3.76
2024-09-03,12.43,7.01,4.12
2024-09-04,3.26,5.61,2.25
2024-09-05,12.68,11.1,7.72
2024-09-06,5.84,2.0,2.25
2024-09-07,4.19,2.1,2.61
2024-09-08,11.95,11.2,0.96
2024-09-09,13.0,4.39,6.8
2024-09-10,14.45,2.02,9.33
2024-09-11,6.88,6.38,5.1
2024-09-12,8.87,3.96,9.03
2024-09-13,9.61,2.53,8.49
2024-09-14,9.79,7.3,8.05
2024-09-15,6.63,3.4,2.09
2024-09-16,3.13,10.37,4.08
2024-09-17,1.99,5.02,6.81
2024-09-18,13.68,4.22,3.77
2024-09-19,6.13,9.4,7.25
2024-09-20,3.53,10.49,3.23
2024-09-21,14.77,2.93,4.23
2024-09-22,12.24,3.52,7.45
2024-09-23,14.74,6.75,1.62
2024-09-24,4.9,7.9,7.97
2024-09-25,7.49,2.83,7.27
2024-09-26,12.32,5.75,4.77
2024-09-27,8.73,10.98,4.66
2024-09-28,5.97,10.76,9.11
2024-09-29,3.22,5.11,7.3
2024-09-30,8.86,4.27,6.39
2024-10-01,9.38,7.83,8.71
2024-10-02,11.09,2.96,3.65
2024-10-03,12.07,4.33,3.22
2024-10-04,2.65,3.67,2.49
2024-10-05,9.79,4.08,5.44
2024-10-06,11.94,4.15,9.89
2024-10-07,6.45,8.27,9.32
2024-10-08,4.86,6.88,4.83
2024-10-09,7.72,10.62,1.56
2024-10-10,5.34,9.36,8.81
2024-10-11,8.14,6.99,9.26
2024-10-12,5.32,5.07,2.13
2024-10-13,6.92,10.32,8.89
2024-10-14,13.81,2.8,4.74
2024-10-15,13.83,8.81,0.61
2024-10-16,14.89,3.13,9.46
2024-10-17,7.81,7.33,0.91
2024-10-18,3.35,11.02,0.83
2024-10-19,13.45,4.38,9.65
2024-10-20,9.36,2.79,2.54
2024-10-21,11.47,5.39,5.78
2024-10-22,3.28,6.78,9.46
2024-10-23,5.48,9.25,9.43
2024-10-24,4.85,2.3,2.15
2024-10-25,8.84,3.31,5.38
2024-10-26,14.96,6.11,0.57
2024-10-27,9.57,2.95,1.36
2024-10-28,9.02,11.56,9.51
2024-10-29,11.63,7.11,4.44
2024-10-30,5.6,5.77,1.93
2024-10-31,4.54,11.8,6.5
2024-11-01,12.73,8.46,2.15
2024-11-02,14.45,7.16,9.81
2024-11-03,6.9,4.41,6.87
2024-11-04,1.58,4.53,4.0
2024-11-05,3.51,5.62,4.12
2024-11-06,13.0,9.51,9.21
2024-11-07,2.7,10.16,9.0
2024-11-08,11.68,3.92,9.52
2024-11-09,9.68,10.17,4.81
2024-11-10,11.17,5.31,8.58
2024-11-11,4.59,4.0,5.11
2024-11-12,1.26,3.95,6.51
2024-11-13,1.56,6.63,5.32
2024-11-14,11.15,9.67,6.28
2024-11-15,9.59,7.71,5.34
2024-11-16,12.77,6.65,1.97
2024-11-17,6.59,2.18,1.53
2024-11-18,8.78,7.64,9.44
2024-11-19,11.97,8.75,5.34
2024-11-20,7.95,2.98,9.45
2024-11-21,14.91,11.56,7.02
2024-11-22,11.4,2.92,1.35
2024-11-23,10.57,8.91,2.41
2024-11-24,12.22,7.25,7.79
2024-11-25,11.88,10.84,2.19
2024-11-26,4.08,6.14,0.57
2024-11-27,3.95,7.09,1.56
2024-11-28,9.49,7.53,5.03
2024-11-29,7.1,10.75,2.05
2024-11-30,13.2,10.0,0.93
2024-12-01,5.06,4.8,7.56
2024-12-02,5.63,11.55,9.74
2024-12-03,3.33,9.53,9.8
2024-12-04,14.74,2.12,9.05
2024-12-05,2.62,3.84,0.68
2024-12-06,14.76,10.56,2.78
2024-12-07,10.89,8.46,1.81
2024-12-08,2.25,4.58,6.58
2024-12-09,3.13,3.71,8.57
2024-12-10,5.58,3.47,5.93
2024-12-11,4.64,5.18,3.79
2024-12-12,14.62,10.99,9.16
2024-12-13,9.59,5.52,5.3
2024-12-14,2.04,8.61,2.16
2024-12-15,8.36,3.12,5.57
2024-12-16,13.56,7.31,0.67
2024-12-17,6.83,5.43,0.87
2024-12-18,10.33,3.61,6.46
2024-12-19,11.82,9.98,7.37
2024-12-20,3.59,10.16,1.81
2024-12-21,12.98,5.06,5.57
2024-12-22,7.28,8.54,7.84
2024-12-23,1.79,5.94,8.88
2024-12-24,13.3,2.44,5.0
2024-12-25,8.9,6.28,1.66
2024-12-26,3.78,7.76,1.16
2024-12-27,5.44,4.99,8.64
2024-12-28,8.97,11.49,1.24
2024-12-29,6.24,7.58,8.27
2024-12-30,4.27,5.71,4.65
2024-12-31,7.71,9.35,4.65
2025-01-01,3.59,5.41,5.43
2025-01-02,4.44,2.25,1.79
2025-01-03,12.57,2.08,7.55
2025-01-04,4.2,5.02,3.35
2025-01-05,10.74,3.56,6.18
2025-01-06,4.51,5.52,0.55
2025-01-07,3.97,9.7,3.17
2025-01-08,4.52,5.09,0.88
2025-01-09,7.56,7.6,3.48
2025-01-10,3.05,11.2,1.7
2025-01-11,2.49,8.98,1.17
2025-01-12,11.59,7.62,8.56
2025-01-13,1.33,10.67,3.97
2025-01-14,6.4,5.31,8.34
2025-01-15,6.54,3.98,8.98
2025-01-16,13.5,9.47,5.31
2025-01-17,11.84,2.59,5.89
2025-01-18,8.15,6.24,6.64
2025-01-19,7.72,4.87,6.62
2025-01-20,8.92,11.71,5.54
2025-01-21,6.01,5.77,6.15
2025-01-22,10.81,8.63,4.69
2025-01-23,10.6,4.68,9.2
2025-01-24,9.05,11.83,7.35
2025-01-25,1.81,3.8,3.49
2025-01-26,2.78,11.07,3.68
2025-01-27,1.55,6.45,4.82
2025-01-28,11.06,6.27,0.8
2025-01-29,7.69,9.01,9.92
2025-01-30,14.37,2.93,4.94
2025-01-31,14.33,7.47,7.86
2025-02-01,12.17,4.2,2.0
2025-02-02,7.2,3.57,6.29
2025-02-03,5.43,10.77,4.13
2025-02-04,3.81,11.97,8.95
2025-02-05,4.25,11.71,9.36
2025-02-06,14.86,10.21,6.44
2025-02-07,8.42,11.2,1.08
2025-02-08,1.17,11.24,4.93
2025-02-09,1.62,3.76,0.66
2025-02-10,7.42,2.86,5.42
2025-02-11,7.21,3.27,5.26
2025-02-12,6.68,3.63,4.46
2025-02-13,12.53,10.22,3.7
2025-02-14,10.84,11.41,6.0
2025-02-15,2.5,5.52,2.18
2025-02-16,6.08,2.34,0.75
2025-02-17,9.35,5.07,7.97
2025-02-18,6.35,9.06,7.96
2025-02-19,3.92,11.43,6.0
2025-02-20,9.79,6.5,8.39
2025-02-21,9.43,5.36,5.37
2025-02-22,14.64,8.53,0.56
2025-02-23,8.85,4.11,1.91
2025-02-24,13.24,9.66,4.87
2025-02-25,14.29,6.14,8.69
2025-02-26,7.09,11.77,2.64
2025-02-27,1.74,11.34,0.82
2025-02-28,3.01,8.65,4.42
2025-03-01,8.06,8.48,1.13
2025-03-02,13.5,3.23,5.73
2025-03-03,10.16,4.81,1.03
2025-03-04,3.82,10.62,0.66
2025-03-05,10.81,5.63,9.46
2025-03-06,13.52,6.24,6.82
2025-03-07,1.42,10.4,1.64
2025-03-08,4.4,6.27,5.78
2025-03-09,3.14,10.5,2.95
2025-03-10,11.98,2.69,7.73
2025-03-11,13.48,8.91,8.23
2025-03-12,8.76,2.63,5.32
2025-03-13,12.87,9.9,4.39
2025-03-14,10.2,7.52,3.51
2025-03-15,10.19,7.56,0.81
2025-03-16,9.12,5.77,5.83
2025-03-17,1.7,11.03,5.33
2025-03-18,14.12,7.09,2.52
2025-03-19,5.98,4.6,5.55
2025-03-20,12.24,10.24,4.94
2025-03-21,12.34,11.48,2.98
2025-03-22,14.52,4.42,7.56
2025-03-23,5.57,8.05,2.84
2025-03-24,14.96,7.89,4.78
2025-03-25,5.21,8.1,5.57
2025-03-26,7.32,7.64,8.21
2025-03-27,10.89,3.0,4.5
2025-03-28,3.17,6.12,2.47
2025-03-29,4.73,11.86,0.64
2025-03-30,11.19,2.88,2.89
2025-03-31,14.64,8.7,7.63
2025-04-01,11.26,10.94,8.29
2025-04-02,13.07,4.01,6.21
2025-04-03,1.52,10.02,9.51
2025-04-04,9.08,4.42,5.46
2025-04-05,13.8,2.3,5.05
2025-04-06,10.55,7.21,8.41
2025-04-07,10.47,9.11,2.09
2025-04-08,3.84,3.97,0.64
2025-04-09,13.06,2.7,8.88
2025-04-10,13.11,7.53,5.57
2025-04-11,9.6,3.48,7.58
2025-04-12,6.97,3.84,6.47
2025-04-13,12.54,9.03,6.81
2025-04-14,7.51,8.12,6.08
2025-04-15,12.52,11.47,7.39
2025-04-16,7.79,5.23,1.58
2025-04-17,9.12,4.14,2.88
2025-04-18,11.47,8.56,5.05
2025-04-19,4.71,11.72,7.31
2025-04-20,4.46,7.53,3.43
2025-04-21,10.35,4.94,8.17
2025-04-22,14.35,11.1,1.12
2025-04-23,7.24,8.1,8.01
2025-04-24,13.57,4.13,7.14
2025-04-25,8.25,11.5,1.12
2025-04-26,14.64,4.73,0.8
2025-04-27,12.09,10.98,8.48
2025-04-28,13.03,8.15,1.88
2025-04-29,10.51,7.03,2.91
2025-04-30,13.16,5.33,9.01
2025-05-01,9.3,3.19,3.76
2025-05-02,8.94,4.45,5.54
2025-05-03,13.23,5.31,0.79
2025-05-04,1.21,4.89,5.91
2025-05-05,7.7,2.73,7.28
2025-05-06,13.18,7.8,5.87
2025-05-07,3.75,6.75,8.18
2025-05-08,14.41,3.06,7.88
2025-05-09,11.37,6.64,5.05
2025-05-10,11.67,2.79,6.63
2025-05-11,10.32,11.32,3.13
2025-05-12,7.26,4.59,3.91
2025-05-13,7.45,9.25,6.41
2025-05-14,12.75,4.51,6.77
2025-05-15,2.95,6.75,1.31
2025-05-16,8.31,11.33,8.28
2025-05-17,5.34,10.72,6.55
2025-05-18,14.78,9.79,3.61
2025-05-19,1.05,9.9,2.65
2025-05-20,1.89,10.23,6.23
2025-05-21,14.54,9.43,7.11
2025-05-22,8.61,10.97,9.32
2025-05-23,2.94,5.5,2.26
2025-05-24,7.28,7.26,5.28
2025-05-25,5.52,8.46,9.57
2025-05-26,13.76,3.98,9.14
2025-05-27,10.63,7.03,5.04
2025-05-28,2.83,3.24,5.74
2025-05-29,8.51,8.12,9.21
2025-05-30,2.88,2.98,0.81
2025-05-31,10.31,7.03,9.77
2025-06-01,11.18,6.62,9.78
2025-06-02,8.87,3.12,9.47
2025-06-03,14.52,6.39,9.67
2025-06-04,14.22,8.78,3.39
2025-06-05,3.88,7.95,0.85
2025-06-06,1.0,6.58,3.2
2025-06-07,10.28,5.65,3.78
2025-06-08,7.66,2.57,3.85
2025-06-09,5.69,11.56,6.96
2025-06-10,13.84,6.03,8.7
2025-06-11,14.7,6.16,2.61
2025-06-12,14.03,3.28,4.75
2025-06-13,8.0,7.33,4.1
2025-06-14,10.85,11.79,7.76
2025-06-15,3.4,4.53,3.52
2025-06-16,14.31,5.13,1.03
2025-06-17,4.97,4.36,3.67
2025-06-18,3.7,10.67,3.86
2025-06-19,1.84,6.75,8.31
2025-06-20,8.71,10.24,5.7
2025-06-21,14.28,10.5,5.47
2025-06-22,2.9,9.49,6.19
2025-06-23,2.69,4.61,5.83
2025-06-24,4.82,2.35,6.98
2025-06-25,10.32,3.43,9.09
2025-06-26,8.67,8.97,8.83
2025-06-27,2.35,9.41,5.21
2025-06-28,7.19,9.66,8.54
2025-06-29,1.94,4.44,8.7
2025-06-30,12.93,3.53,8.0
2025-07-01,2.5,11.23,0.9
2025-07-02,7.6,8.64,6.79
2025-07-03,8.15,9.42,3.48
2025-07-04,8.42,2.94,8.8
2025-07-05,9.53,6.12,3.2
2025-07-06,10.82,2.63,9.23
2025-07-07,1.06,8.58,6.34
2025-07-08,1.43,6.89,6.63
2025-07-09,9.56,6.51,8.93
2025-07-10,3.55,11.03,9.86
2025-07-11,12.65,9.4,3.44
2025-07-12,9.79,11.64,1.34
2025-07-13,14.73,2.46,7.37
2025-07-14,11.19,8.16,1.17
2025-07-15,2.27,8.3,5.57
2025-07-16,3.39,2.27,3.78
2025-07-17,1.65,9.87,4.2
2025-07-18,11.38,3.54,2.74
2025-07-19,2.78,9.01,7.14
2025-07-20,10.29,2.38,5.93
2025-07-21,8.78,8.14,9.55
2025-07-22,9.87,7.21,3.88
2025-07-23,8.12,6.83,4.25
2025-07-24,1.18,5.67,2.07
2025-07-25,4.55,6.2,6.31
2025-07-26,13.39,6.77,1.4
2025-07-27,14.01,4.98,9.7
2025-07-28,2.36,11.35,9.15
2025-07-29,14.34,11.65,7.15
2025-07-30,10.39,5.0,3.51
2025-07-31,13.92,9.79,3.88
2025-08-01,6.62,9.52,1.33
2025-08-02,2.42,10.76,2.85
2025-08-03,5.23,2.04,3.85
2025-08-04,10.66,5.38,4.76
2025-08-05,12.13,3.45,4.91
2025-08-06,1.7,5.91,8.91
2025-08-07,7.82,7.76,4.77
2025-08-08,1.9,11.09,9.6
2025-08-09,13.09,10.4,1.3
2025-08-10,7.67,6.99,2.5
2025-08-11,13.81,2.24,4.19
2025-08-12,2.1,5.01,8.94
2025-08-13,5.63,3.07,1.66
2025-08-14,10.47,8.51,3.87
2025-08-15,5.11,8.95,1.57
2025-08-16,12.78,8.49,7.85
2025-08-17,14.82,4.75,3.18
2025-08-18,4.94,11.2,4.63
2025-08-19,6.06,7.89,8.27
2025-08-20,14.54,7.97,2.09
2025-08-21,6.01,10.16,9.5
2025-08-22,8.78,2.69,4.24
2025-08-23,11.77,4.1,3.64
2025-08-24,7.14,7.9,2.31
2025-08-25,6.22,8.1,4.94
2025-08-26,7.94,6.67,9.82
2025-08-27,11.91,9.8,5.16
2025-08-28,5.37,5.46,4.8
2025-08-29,5.91,2.11,0.57
2025-08-30,3.65,5.4,3.23
2025-08-31,10.82,11.66,2.67
2025-09-01,13.59,9.79,0.87
2025-09-02,3.6,5.18,4.74
2025-09-03,1.48,4.22,1.79
2025-09-04,6.34,10.1,5.28
2025-09-05,6.74,4.0,4.82
2025-09-06,10.04,7.8,2.62
2025-09-07,2.2,7.08,8.08
2025-09-08,12.5,6.23,9.3
2025-09-09,9.04,6.26,1.77
2025-09-10,8.64,9.02,1.43
2025-09-11,5.43,3.03,3.78
2025-09-12,6.11,5.95,6.3
2025-09-13,1.78,11.68,6.5
2025-09-14,11.55,9.78,6.44
2025-09-15,9.47,2.21,5.97
2025-09-16,14.67,6.47,4.16
2025-09-17,5.95,3.17,7.93
2025-09-18,10.33,6.85,9.56
2025-09-19,13.87,3.04,6.1
2025-09-20,10.96,5.89,2.58
2025-09-21,1.56,7.45,5.84
2025-09-22,9.85,5.67,7.68
2025-09-23,8.64,7.79,8.38
2025-09-24,7.99,11.85,7.32
2025-09-25,8.74,4.46,8.96
2025-09-26,7.45,7.65,9.54
2025-09-27,10.69,6.71,5.17
2025-09-28,1.21,10.09,5.64
2025-09-29,3.64,5.15,3.71
2025-09-30,6.12,8.38,6.76
2025-10-01,7.34,8.93,6.16
2025-10-02,2.83,11.76,2.2
2025-10-03,12.48,3.51,7.1
2025-10-04,14.01,11.98,8.15
2025-10-05,11.52,9.21,2.22
2025-10-06,14.0,6.56,2.06
2025-10-07,11.41,4.64,6.57
2025-10-08,7.17,8.29,1.6
2025-10-09,6.5,3.42,8.19
2025-10-10,3.33,11.47,6.61
2025-10-11,2.21,3.84,0.81
2025-10-12,4.07,9.74,7.82
2025-10-13,8.45,5.45,5.34
2025-10-14,2.89,4.16,5.21
2025-10-15,14.32,10.09,3.46
2025-10-16,4.06,10.88,3.19
2025-10-17,12.67,2.06,5.25
2025-10-18,12.46,11.74,0.53
2025-10-19,2.98,6.22,8.05
2025-10-20,10.95,2.96,7.95
2025-10-21,12.54,6.53,7.49
2025-10-22,13.38,3.19,6.22
2025-10-23,14.36,4.59,3.31
2025-10-24,14.02,7.58,6.75
2025-10-25,5.36,5.59,1.73
2025-10-26,4.75,4.28,3.0
2025-10-27,6.57,3.96,0.93
2025-10-28,7.51,8.37,8.67
2025-10-29,4.27,11.1,8.37
2025-10-30,2.21,2.56,4.78
2025-10-31,10.19,4.44,4.66
2025-11-01,3.44,8.65,9.3
2025-11-02,13.81,11.87,6.91
2025-11-03,5.03,8.81,7.24
2025-11-04,3.77,2.53,3.91
2025-11-05,3.72,3.79,3.27
2025-11-06,5.05,5.48,1.59
2025-11-07,9.57,3.57,1.19
2025-11-08,14.7,3.82,9.1
2025-11-09,7.81,4.74,9.11
2025-11-10,9.4,5.73,2.66
2025-11-11,12.8,5.92,0.86
2025-11-12,5.68,6.99,3.79
2025-11-13,3.52,11.28,9.54
2025-11-14,7.07,11.93,3.4
2025-11-15,5.46,2.2,8.72
2025-11-16,13.13,6.94,8.26
2025-11-17,14.69,9.52,9.47
2025-11-18,10.64,2.73,5.22
2025-11-19,10.15,11.41,9.26
2025-11-20,11.0,11.38,7.55
2025-11-21,7.55,4.08,8.75
2025-11-22,9.8,9.86,7.47
2025-11-23,2.0,7.81,4.88
2025-11-24,7.91,2.34,9.23
2025-11-25,5.65,4.97,8.11
2025-11-26,1.74,4.63,6.59
2025-11-27,8.63,10.8,5.09
2025-11-28,6.04,10.98,1.4
2025-11-29,9.27,2.34,8.25
2025-11-30,8.18,9.41,4.46
2025-12-01,4.87,3.2,3.91
2025-12-02,8.56,9.91,2.69
2025-12-03,6.3,10.46,5.65
2025-12-04,13.9,2.59,8.38
2025-12-05,6.26,5.26,3.25
2025-12-06,1.56,5.8,9.25
2025-12-07,11.69,11.55,4.27
2025-12-08,14.49,5.71,9.71
2025-12-09,3.37,4.56,6.93
2025-12-10,14.62,8.2,3.99
2025-12-11,9.64,3.59,9.84
2025-12-12,12.86,8.25,6.15
2025-12-13,7.62,6.59,7.8
2025-12-14,9.72,9.31,4.79
2025-12-15,12.77,7.79,1.63
2025-12-16,14.76,3.77,9.66
2025-12-17,3.59,11.37,3.56
2025-12-18,13.58,6.49,9.22
2025-12-19,10.34,9.45,9.12
2025-12-20,14.26,7.32,1.4
2025-12-21,5.45,10.65,1.59
2025-12-22,4.4,5.37,6.31
2025-12-23,6.12,8.39,0.84
2025-12-24,13.38,2.79,4.5
2025-12-25,7.43,2.78,5.51
2025-12-26,14.32,10.44,2.37
2025-12-27,4.39,10.18,7.82
2025-12-28,4.09,5.59,4.6
2025-12-29,10.5,8.76,4.52
2025-12-30,5.08,10.29,2.73
2025-12-31,2.81,3.44,8.93
2026-01-01,6.26,11.85,0.61
2026-01-02,4.73,10.86,0.57
2026-01-03,6.78,8.91,9.96
2026-01-04,3.61,7.43,0.7
2026-01-05,14.4,10.95,1.97
2026-01-06,12.22,9.39,8.89
2026-01-07,12.77,7.85,6.35
2026-01-08,5.17,10.92,6.44
2026-01-09,12.99,4.11,5.02
2026-01-10,9.27,4.44,1.93
2026-01-11,1.79,11.3,3.99
2026-01-12,3.15,2.67,7.32
2026-01-13,7.24,2.46,5.11
2026-01-14,6.51,9.92,7.43
2026-01-15,12.13,6.14,0.57
2026-01-16,13.23,11.16,6.73
2026-01-17,13.11,5.01,6.13
2026-01-18,6.25,4.87,9.76
2026-01-19,9.9,11.57,9.12
2026-01-20,7.96,7.54,6.2
2026-01-21,13.44,8.14,5.97
2026-01-22,13.45,10.98,1.38
2026-01-23,1.75,5.81,9.44
2026-01-24,9.01,4.48,7.22
2026-01-25,8.05,7.71,5.27
2026-01-26,11.79,6.1,8.65
2026-01-27,3.74,3.64,7.44
2026-01-28,10.73,3.19,5.85
2026-01-29,11.34,9.25,5.62
2026-01-30,1.37,2.34,9.3
2026-01-31,7.04,7.28,8.09
2026-02-01,14.71,5.3,4.33
2026-02-02,5.21,3.51,6.47
2026-02-03,13.38,10.91,2.37
2026-02-04,9.22,9.41,9.37
2026-02-05,5.15,9.73,7.1
2026-02-06,12.7,6.36,9.62
2026-02-07,14.87,8.48,3.27
2026-02-08,11.39,2.91,3.49
2026-02-09,1.86,3.39,8.41
2026-02-10,1.73,5.23,2.99
2026-02-11,7.88,6.58,3.9
2026-02-12,1.08,2.94,8.9
2026-02-13,10.46,7.65,5.42
2026-02-14,1.23,4.4,3.35
2026-02-15,14.62,9.75,4.39
2026-02-16,13.33,2.0,7.26
2026-02-17,12.42,10.66,2.01
2026-02-18,12.37,9.33,9.64
2026-02-19,12.68,7.46,5.18
2026-02-20,7.08,9.38,7.77
2026-02-21,12.09,5.65,7.17
2026-02-22,6.14,3.63,6.97
2026-02-23,12.88,2.09,4.49
2026-02-24,9.65,7.49,0.9
2026-02-25,6.02,4.92,7.54
2026-02-26,11.44,4.13,9.56
2026-02-27,4.4,10.67,5.3
2026-02-28,14.51,9.25,9.56
2026-03-01,10.31,11.9,5.58
2026-03-02,6.62,8.62,2.09
2026-03-03,8.71,10.95,2.77
2026-03-04,11.33,3.18,8.71
2026-03-05,12.16,9.23,6.4
2026-03-06,14.65,2.86,4.44
2026-03-07,3.93,2.95,8.09
2026-03-08,8.06,10.58,6.6
2026-03-09,2.28,5.6,8.79
2026-03-10,2.15,5.16,9.72
2026-03-11,2.46,3.84,6.69
2026-03-12,4.63,6.85,9.72
2026-03-13,10.75,4.04,4.97
2026-03-14,13.06,7.38,8.48
2026-03-15,7.1,8.6,9.11
2026-03-16,8.77,8.55,0.93
2026-03-17,3.89,5.65,8.72
2026-03-18,12.08,9.04,4.38
2026-03-19,13.44,4.66,4.28
